start, source, z, w1, link, dest, psize, w2
0.0,web0,0,1,default,app0,1000000000000000,1
0.0,app0,0,1,default,web0,1000000000000000,1
0.0,app0,0,1,default,db0,1000000000000000,1
0.0,db0,0,1,default,app0,1000000000000000,1
0.0,web0,0,1,default,proxy0,1000000000000000,1
0.0,proxy0,0,1,default,web0,1000000000000000,1
2390.0,web1,0,1,default,app1,1000000000000000,1
2390.0,app1,0,1,default,web1,1000000000000000,1
2390.0,app1,0,1,default,db1,1000000000000000,1
2390.0,db1,0,1,default,app1,1000000000000000,1
2423.0,web2,0,1,default,app2,1000000000000000,1
2423.0,app2,0,1,default,web2,1000000000000000,1
2423.0,app2,0,1,default,db2,1000000000000000,1
2423.0,db2,0,1,default,app2,1000000000000000,1
3585.0,web3,0,1,default,app3,1000000000000000,1
3585.0,app3,0,1,default,web3,1000000000000000,1
3585.0,app3,0,1,default,db3,1000000000000000,1
3585.0,db3,0,1,default,app3,1000000000000000,1
5260.0,web4,0,1,default,app4,1000000000000000,1
5260.0,app4,0,1,default,web4,1000000000000000,1
5965.0,web5,0,1,default,app5,1000000000000000,1
5965.0,app5,0,1,default,web5,1000000000000000,1
5965.0,app5,0,1,default,db5,1000000000000000,1
5965.0,db5,0,1,default,app5,1000000000000000,1
5965.0,web5,0,1,default,proxy5,1000000000000000,1
5965.0,proxy5,0,1,default,web5,1000000000000000,1
6719.0,web6,0,1,default,app6,1000000000000000,1
6719.0,app6,0,1,default,web6,1000000000000000,1
6919.0,web7,0,1,default,app7,1000000000000000,1
6919.0,app7,0,1,default,web7,1000000000000000,1
6919.0,app7,0,1,default,db7,1000000000000000,1
6919.0,db7,0,1,default,app7,1000000000000000,1
8677.0,web8,0,1,default,app8,1000000000000000,1
8677.0,app8,0,1,default,web8,1000000000000000,1
8677.0,app8,0,1,default,db8,1000000000000000,1
8677.0,db8,0,1,default,app8,1000000000000000,1
8677.0,web8,0,1,default,proxy8,1000000000000000,1
8677.0,proxy8,0,1,default,web8,1000000000000000,1
9417.0,web9,0,1,default,app9,1000000000000000,1
9417.0,app9,0,1,default,web9,1000000000000000,1
9417.0,app9,0,1,default,db9,1000000000000000,1
9417.0,db9,0,1,default,app9,1000000000000000,1
16997.0,web10,0,1,default,app10,1000000000000000,1
16997.0,app10,0,1,default,web10,1000000000000000,1
16997.0,app10,0,1,default,db10,1000000000000000,1
16997.0,db10,0,1,default,app10,1000000000000000,1
18856.0,web11,0,1,default,app11,1000000000000000,1
18856.0,app11,0,1,default,web11,1000000000000000,1
18856.0,app11,0,1,default,db11,1000000000000000,1
18856.0,db11,0,1,default,app11,1000000000000000,1
18856.0,web11,0,1,default,proxy11,1000000000000000,1
18856.0,proxy11,0,1,default,web11,1000000000000000,1
21246.0,web12,0,1,default,app12,1000000000000000,1
21246.0,app12,0,1,default,web12,1000000000000000,1
21246.0,app12,0,1,default,db12,1000000000000000,1
21246.0,db12,0,1,default,app12,1000000000000000,1
21246.0,web12,0,1,default,proxy12,1000000000000000,1
21246.0,proxy12,0,1,default,web12,1000000000000000,1
22352.0,web13,0,1,default,app13,1000000000000000,1
22352.0,app13,0,1,default,web13,1000000000000000,1
22352.0,app13,0,1,default,db13,1000000000000000,1
22352.0,db13,0,1,default,app13,1000000000000000,1
22352.0,web13,0,1,default,proxy13,1000000000000000,1
22352.0,proxy13,0,1,default,web13,1000000000000000,1
22660.0,web14,0,1,default,app14,1000000000000000,1
22660.0,app14,0,1,default,web14,1000000000000000,1
22660.0,app14,0,1,default,db14,1000000000000000,1
22660.0,db14,0,1,default,app14,1000000000000000,1
22660.0,web14,0,1,default,proxy14,1000000000000000,1
22660.0,proxy14,0,1,default,web14,1000000000000000,1
22970.0,web15,0,1,default,app15,1000000000000000,1
22970.0,app15,0,1,default,web15,1000000000000000,1
22970.0,app15,0,1,default,db15,1000000000000000,1
22970.0,db15,0,1,default,app15,1000000000000000,1
23534.0,web16,0,1,default,app16,1000000000000000,1
23534.0,app16,0,1,default,web16,1000000000000000,1
23534.0,app16,0,1,default,db16,1000000000000000,1
23534.0,db16,0,1,default,app16,1000000000000000,1
25458.0,web17,0,1,default,app17,1000000000000000,1
25458.0,app17,0,1,default,web17,1000000000000000,1
25458.0,app17,0,1,default,db17,1000000000000000,1
25458.0,db17,0,1,default,app17,1000000000000000,1
26302.0,web18,0,1,default,app18,1000000000000000,1
26302.0,app18,0,1,default,web18,1000000000000000,1
26302.0,app18,0,1,default,db18,1000000000000000,1
26302.0,db18,0,1,default,app18,1000000000000000,1
26302.0,web18,0,1,default,proxy18,1000000000000000,1
26302.0,proxy18,0,1,default,web18,1000000000000000,1
28650.0,web19,0,1,default,app19,1000000000000000,1
28650.0,app19,0,1,default,web19,1000000000000000,1
29987.0,web20,0,1,default,app20,1000000000000000,1
29987.0,app20,0,1,default,web20,1000000000000000,1
34592.0,web21,0,1,default,app21,1000000000000000,1
34592.0,app21,0,1,default,web21,1000000000000000,1
34592.0,app21,0,1,default,db21,1000000000000000,1
34592.0,db21,0,1,default,app21,1000000000000000,1
34592.0,web21,0,1,default,proxy21,1000000000000000,1
34592.0,proxy21,0,1,default,web21,1000000000000000,1
35173.0,web22,0,1,default,app22,1000000000000000,1
35173.0,app22,0,1,default,web22,1000000000000000,1
35173.0,app22,0,1,default,db22,1000000000000000,1
35173.0,db22,0,1,default,app22,1000000000000000,1
37477.0,web23,0,1,default,app23,1000000000000000,1
37477.0,app23,0,1,default,web23,1000000000000000,1
40388.0,web24,0,1,default,app24,1000000000000000,1
40388.0,app24,0,1,default,web24,1000000000000000,1
42047.0,web25,0,1,default,app25,1000000000000000,1
42047.0,app25,0,1,default,web25,1000000000000000,1
42047.0,app25,0,1,default,db25,1000000000000000,1
42047.0,db25,0,1,default,app25,1000000000000000,1
42047.0,web25,0,1,default,proxy25,1000000000000000,1
42047.0,proxy25,0,1,default,web25,1000000000000000,1
44155.0,web26,0,1,default,app26,1000000000000000,1
44155.0,app26,0,1,default,web26,1000000000000000,1
44155.0,app26,0,1,default,db26,1000000000000000,1
44155.0,db26,0,1,default,app26,1000000000000000,1
44155.0,web26,0,1,default,proxy26,1000000000000000,1
44155.0,proxy26,0,1,default,web26,1000000000000000,1
47814.0,web27,0,1,default,app27,1000000000000000,1
47814.0,app27,0,1,default,web27,1000000000000000,1
48245.0,web28,0,1,default,app28,1000000000000000,1
48245.0,app28,0,1,default,web28,1000000000000000,1
48245.0,app28,0,1,default,db28,1000000000000000,1
48245.0,db28,0,1,default,app28,1000000000000000,1
48245.0,web28,0,1,default,proxy28,1000000000000000,1
48245.0,proxy28,0,1,default,web28,1000000000000000,1
49770.0,web29,0,1,default,app29,1000000000000000,1
49770.0,app29,0,1,default,web29,1000000000000000,1
53229.0,web30,0,1,default,app30,1000000000000000,1
53229.0,app30,0,1,default,web30,1000000000000000,1
53229.0,app30,0,1,default,db30,1000000000000000,1
53229.0,db30,0,1,default,app30,1000000000000000,1
53229.0,web30,0,1,default,proxy30,1000000000000000,1
53229.0,proxy30,0,1,default,web30,1000000000000000,1
57160.0,web31,0,1,default,app31,1000000000000000,1
57160.0,app31,0,1,default,web31,1000000000000000,1
57160.0,app31,0,1,default,db31,1000000000000000,1
57160.0,db31,0,1,default,app31,1000000000000000,1
57160.0,web31,0,1,default,proxy31,1000000000000000,1
57160.0,proxy31,0,1,default,web31,1000000000000000,1
60059.0,web32,0,1,default,app32,1000000000000000,1
60059.0,app32,0,1,default,web32,1000000000000000,1
60059.0,app32,0,1,default,db32,1000000000000000,1
60059.0,db32,0,1,default,app32,1000000000000000,1
60621.0,web33,0,1,default,app33,1000000000000000,1
60621.0,app33,0,1,default,web33,1000000000000000,1
60621.0,app33,0,1,default,db33,1000000000000000,1
60621.0,db33,0,1,default,app33,1000000000000000,1
60621.0,web33,0,1,default,proxy33,1000000000000000,1
60621.0,proxy33,0,1,default,web33,1000000000000000,1
60767.0,web34,0,1,default,app34,1000000000000000,1
60767.0,app34,0,1,default,web34,1000000000000000,1
60767.0,app34,0,1,default,db34,1000000000000000,1
60767.0,db34,0,1,default,app34,1000000000000000,1
60767.0,web34,0,1,default,proxy34,1000000000000000,1
60767.0,proxy34,0,1,default,web34,1000000000000000,1
61109.0,web35,0,1,default,app35,1000000000000000,1
61109.0,app35,0,1,default,web35,1000000000000000,1
61122.0,web36,0,1,default,app36,1000000000000000,1
61122.0,app36,0,1,default,web36,1000000000000000,1
61346.0,web37,0,1,default,app37,1000000000000000,1
61346.0,app37,0,1,default,web37,1000000000000000,1
61346.0,app37,0,1,default,db37,1000000000000000,1
61346.0,db37,0,1,default,app37,1000000000000000,1
61346.0,web37,0,1,default,proxy37,1000000000000000,1
61346.0,proxy37,0,1,default,web37,1000000000000000,1
63644.0,web38,0,1,default,app38,1000000000000000,1
63644.0,app38,0,1,default,web38,1000000000000000,1
63644.0,app38,0,1,default,db38,1000000000000000,1
63644.0,db38,0,1,default,app38,1000000000000000,1
63644.0,web38,0,1,default,proxy38,1000000000000000,1
63644.0,proxy38,0,1,default,web38,1000000000000000,1
64818.0,web39,0,1,default,app39,1000000000000000,1
64818.0,app39,0,1,default,web39,1000000000000000,1
64818.0,app39,0,1,default,db39,1000000000000000,1
64818.0,db39,0,1,default,app39,1000000000000000,1
65637.0,web40,0,1,default,app40,1000000000000000,1
65637.0,app40,0,1,default,web40,1000000000000000,1
70110.0,web41,0,1,default,app41,1000000000000000,1
70110.0,app41,0,1,default,web41,1000000000000000,1
70110.0,app41,0,1,default,db41,1000000000000000,1
70110.0,db41,0,1,default,app41,1000000000000000,1
72652.0,web42,0,1,default,app42,1000000000000000,1
72652.0,app42,0,1,default,web42,1000000000000000,1
72652.0,app42,0,1,default,db42,1000000000000000,1
72652.0,db42,0,1,default,app42,1000000000000000,1
75184.0,web43,0,1,default,app43,1000000000000000,1
75184.0,app43,0,1,default,web43,1000000000000000,1
75184.0,app43,0,1,default,db43,1000000000000000,1
75184.0,db43,0,1,default,app43,1000000000000000,1
75184.0,web43,0,1,default,proxy43,1000000000000000,1
75184.0,proxy43,0,1,default,web43,1000000000000000,1
75576.0,web44,0,1,default,app44,1000000000000000,1
75576.0,app44,0,1,default,web44,1000000000000000,1
75576.0,app44,0,1,default,db44,1000000000000000,1
75576.0,db44,0,1,default,app44,1000000000000000,1
77303.0,web45,0,1,default,app45,1000000000000000,1
77303.0,app45,0,1,default,web45,1000000000000000,1
78137.0,web46,0,1,default,app46,1000000000000000,1
78137.0,app46,0,1,default,web46,1000000000000000,1
78137.0,app46,0,1,default,db46,1000000000000000,1
78137.0,db46,0,1,default,app46,1000000000000000,1
79207.0,web47,0,1,default,app47,1000000000000000,1
79207.0,app47,0,1,default,web47,1000000000000000,1
79207.0,app47,0,1,default,db47,1000000000000000,1
79207.0,db47,0,1,default,app47,1000000000000000,1
79444.0,web48,0,1,default,app48,1000000000000000,1
79444.0,app48,0,1,default,web48,1000000000000000,1
79444.0,app48,0,1,default,db48,1000000000000000,1
79444.0,db48,0,1,default,app48,1000000000000000,1
80215.0,web49,0,1,default,app49,1000000000000000,1
80215.0,app49,0,1,default,web49,1000000000000000,1
84252.0,web50,0,1,default,app50,1000000000000000,1
84252.0,app50,0,1,default,web50,1000000000000000,1
84252.0,app50,0,1,default,db50,1000000000000000,1
84252.0,db50,0,1,default,app50,1000000000000000,1
84252.0,web50,0,1,default,proxy50,1000000000000000,1
84252.0,proxy50,0,1,default,web50,1000000000000000,1
84314.0,web51,0,1,default,app51,1000000000000000,1
84314.0,app51,0,1,default,web51,1000000000000000,1
84314.0,app51,0,1,default,db51,1000000000000000,1
84314.0,db51,0,1,default,app51,1000000000000000,1
84314.0,web51,0,1,default,proxy51,1000000000000000,1
84314.0,proxy51,0,1,default,web51,1000000000000000,1
84682.0,web52,0,1,default,app52,1000000000000000,1
84682.0,app52,0,1,default,web52,1000000000000000,1
84682.0,app52,0,1,default,db52,1000000000000000,1
84682.0,db52,0,1,default,app52,1000000000000000,1
88059.0,web53,0,1,default,app53,1000000000000000,1
88059.0,app53,0,1,default,web53,1000000000000000,1
88059.0,app53,0,1,default,db53,1000000000000000,1
88059.0,db53,0,1,default,app53,1000000000000000,1
88059.0,web53,0,1,default,proxy53,1000000000000000,1
88059.0,proxy53,0,1,default,web53,1000000000000000,1
89685.0,web54,0,1,default,app54,1000000000000000,1
89685.0,app54,0,1,default,web54,1000000000000000,1
89685.0,app54,0,1,default,db54,1000000000000000,1
89685.0,db54,0,1,default,app54,1000000000000000,1
89685.0,web54,0,1,default,proxy54,1000000000000000,1
89685.0,proxy54,0,1,default,web54,1000000000000000,1
89935.0,web55,0,1,default,app55,1000000000000000,1
89935.0,app55,0,1,default,web55,1000000000000000,1
89935.0,app55,0,1,default,db55,1000000000000000,1
89935.0,db55,0,1,default,app55,1000000000000000,1
89935.0,web55,0,1,default,proxy55,1000000000000000,1
89935.0,proxy55,0,1,default,web55,1000000000000000,1
90180.0,web56,0,1,default,app56,1000000000000000,1
90180.0,app56,0,1,default,web56,1000000000000000,1
90180.0,app56,0,1,default,db56,1000000000000000,1
90180.0,db56,0,1,default,app56,1000000000000000,1
90180.0,web56,0,1,default,proxy56,1000000000000000,1
90180.0,proxy56,0,1,default,web56,1000000000000000,1
94989.0,web57,0,1,default,app57,1000000000000000,1
94989.0,app57,0,1,default,web57,1000000000000000,1
94989.0,app57,0,1,default,db57,1000000000000000,1
94989.0,db57,0,1,default,app57,1000000000000000,1
94989.0,web57,0,1,default,proxy57,1000000000000000,1
94989.0,proxy57,0,1,default,web57,1000000000000000,1
96933.0,web58,0,1,default,app58,1000000000000000,1
96933.0,app58,0,1,default,web58,1000000000000000,1
96933.0,app58,0,1,default,db58,1000000000000000,1
96933.0,db58,0,1,default,app58,1000000000000000,1
96933.0,web58,0,1,default,proxy58,1000000000000000,1
96933.0,proxy58,0,1,default,web58,1000000000000000,1
97310.0,web59,0,1,default,app59,1000000000000000,1
97310.0,app59,0,1,default,web59,1000000000000000,1
97310.0,app59,0,1,default,db59,1000000000000000,1
97310.0,db59,0,1,default,app59,1000000000000000,1
97310.0,web59,0,1,default,proxy59,1000000000000000,1
97310.0,proxy59,0,1,default,web59,1000000000000000,1
97494.0,web60,0,1,default,app60,1000000000000000,1
97494.0,app60,0,1,default,web60,1000000000000000,1
97494.0,app60,0,1,default,db60,1000000000000000,1
97494.0,db60,0,1,default,app60,1000000000000000,1
97494.0,web60,0,1,default,proxy60,1000000000000000,1
97494.0,proxy60,0,1,default,web60,1000000000000000,1
98171.0,web61,0,1,default,app61,1000000000000000,1
98171.0,app61,0,1,default,web61,1000000000000000,1
98171.0,app61,0,1,default,db61,1000000000000000,1
98171.0,db61,0,1,default,app61,1000000000000000,1
98171.0,web61,0,1,default,proxy61,1000000000000000,1
98171.0,proxy61,0,1,default,web61,1000000000000000,1
99743.0,web62,0,1,default,app62,1000000000000000,1
99743.0,app62,0,1,default,web62,1000000000000000,1
99743.0,app62,0,1,default,db62,1000000000000000,1
99743.0,db62,0,1,default,app62,1000000000000000,1
101049.0,web63,0,1,default,app63,1000000000000000,1
101049.0,app63,0,1,default,web63,1000000000000000,1
101049.0,app63,0,1,default,db63,1000000000000000,1
101049.0,db63,0,1,default,app63,1000000000000000,1
101049.0,web63,0,1,default,proxy63,1000000000000000,1
101049.0,proxy63,0,1,default,web63,1000000000000000,1
102697.0,web64,0,1,default,app64,1000000000000000,1
102697.0,app64,0,1,default,web64,1000000000000000,1
102697.0,app64,0,1,default,db64,1000000000000000,1
102697.0,db64,0,1,default,app64,1000000000000000,1
103100.0,web65,0,1,default,app65,1000000000000000,1
103100.0,app65,0,1,default,web65,1000000000000000,1
103100.0,app65,0,1,default,db65,1000000000000000,1
103100.0,db65,0,1,default,app65,1000000000000000,1
103100.0,web65,0,1,default,proxy65,1000000000000000,1
103100.0,proxy65,0,1,default,web65,1000000000000000,1
103720.0,web66,0,1,default,app66,1000000000000000,1
103720.0,app66,0,1,default,web66,1000000000000000,1
103720.0,app66,0,1,default,db66,1000000000000000,1
103720.0,db66,0,1,default,app66,1000000000000000,1
104967.0,web67,0,1,default,app67,1000000000000000,1
104967.0,app67,0,1,default,web67,1000000000000000,1
106276.0,web68,0,1,default,app68,1000000000000000,1
106276.0,app68,0,1,default,web68,1000000000000000,1
106276.0,app68,0,1,default,db68,1000000000000000,1
106276.0,db68,0,1,default,app68,1000000000000000,1
106276.0,web68,0,1,default,proxy68,1000000000000000,1
106276.0,proxy68,0,1,default,web68,1000000000000000,1
107208.0,web69,0,1,default,app69,1000000000000000,1
107208.0,app69,0,1,default,web69,1000000000000000,1
107208.0,app69,0,1,default,db69,1000000000000000,1
107208.0,db69,0,1,default,app69,1000000000000000,1
107208.0,web69,0,1,default,proxy69,1000000000000000,1
107208.0,proxy69,0,1,default,web69,1000000000000000,1
107403.0,web70,0,1,default,app70,1000000000000000,1
107403.0,app70,0,1,default,web70,1000000000000000,1
107469.0,web71,0,1,default,app71,1000000000000000,1
107469.0,app71,0,1,default,web71,1000000000000000,1
107469.0,app71,0,1,default,db71,1000000000000000,1
107469.0,db71,0,1,default,app71,1000000000000000,1
107982.0,web72,0,1,default,app72,1000000000000000,1
107982.0,app72,0,1,default,web72,1000000000000000,1
107982.0,app72,0,1,default,db72,1000000000000000,1
107982.0,db72,0,1,default,app72,1000000000000000,1
112940.0,web73,0,1,default,app73,1000000000000000,1
112940.0,app73,0,1,default,web73,1000000000000000,1
112940.0,app73,0,1,default,db73,1000000000000000,1
112940.0,db73,0,1,default,app73,1000000000000000,1
113455.0,web74,0,1,default,app74,1000000000000000,1
113455.0,app74,0,1,default,web74,1000000000000000,1
113455.0,app74,0,1,default,db74,1000000000000000,1
113455.0,db74,0,1,default,app74,1000000000000000,1
113455.0,web74,0,1,default,proxy74,1000000000000000,1
113455.0,proxy74,0,1,default,web74,1000000000000000,1
116081.0,web75,0,1,default,app75,1000000000000000,1
116081.0,app75,0,1,default,web75,1000000000000000,1
117715.0,web76,0,1,default,app76,1000000000000000,1
117715.0,app76,0,1,default,web76,1000000000000000,1
117715.0,app76,0,1,default,db76,1000000000000000,1
117715.0,db76,0,1,default,app76,1000000000000000,1
117715.0,web76,0,1,default,proxy76,1000000000000000,1
117715.0,proxy76,0,1,default,web76,1000000000000000,1
119095.0,web77,0,1,default,app77,1000000000000000,1
119095.0,app77,0,1,default,web77,1000000000000000,1
119129.0,web78,0,1,default,app78,1000000000000000,1
119129.0,app78,0,1,default,web78,1000000000000000,1
120177.0,web79,0,1,default,app79,1000000000000000,1
120177.0,app79,0,1,default,web79,1000000000000000,1
120177.0,app79,0,1,default,db79,1000000000000000,1
120177.0,db79,0,1,default,app79,1000000000000000,1
120177.0,web79,0,1,default,proxy79,1000000000000000,1
120177.0,proxy79,0,1,default,web79,1000000000000000,1
120220.0,web80,0,1,default,app80,1000000000000000,1
120220.0,app80,0,1,default,web80,1000000000000000,1
120220.0,app80,0,1,default,db80,1000000000000000,1
120220.0,db80,0,1,default,app80,1000000000000000,1
120220.0,web80,0,1,default,proxy80,1000000000000000,1
120220.0,proxy80,0,1,default,web80,1000000000000000,1
120809.0,web81,0,1,default,app81,1000000000000000,1
120809.0,app81,0,1,default,web81,1000000000000000,1
120809.0,app81,0,1,default,db81,1000000000000000,1
120809.0,db81,0,1,default,app81,1000000000000000,1
120809.0,web81,0,1,default,proxy81,1000000000000000,1
120809.0,proxy81,0,1,default,web81,1000000000000000,1
123988.0,web82,0,1,default,app82,1000000000000000,1
123988.0,app82,0,1,default,web82,1000000000000000,1
131000.0,web83,0,1,default,app83,1000000000000000,1
131000.0,app83,0,1,default,web83,1000000000000000,1
131000.0,app83,0,1,default,db83,1000000000000000,1
131000.0,db83,0,1,default,app83,1000000000000000,1
135126.0,web84,0,1,default,app84,1000000000000000,1
135126.0,app84,0,1,default,web84,1000000000000000,1
135126.0,app84,0,1,default,db84,1000000000000000,1
135126.0,db84,0,1,default,app84,1000000000000000,1
140163.0,web85,0,1,default,app85,1000000000000000,1
140163.0,app85,0,1,default,web85,1000000000000000,1
143172.0,web86,0,1,default,app86,1000000000000000,1
143172.0,app86,0,1,default,web86,1000000000000000,1
143172.0,app86,0,1,default,db86,1000000000000000,1
143172.0,db86,0,1,default,app86,1000000000000000,1
143232.0,web87,0,1,default,app87,1000000000000000,1
143232.0,app87,0,1,default,web87,1000000000000000,1
143909.0,web88,0,1,default,app88,1000000000000000,1
143909.0,app88,0,1,default,web88,1000000000000000,1
143909.0,app88,0,1,default,db88,1000000000000000,1
143909.0,db88,0,1,default,app88,1000000000000000,1
144845.0,web89,0,1,default,app89,1000000000000000,1
144845.0,app89,0,1,default,web89,1000000000000000,1
144845.0,app89,0,1,default,db89,1000000000000000,1
144845.0,db89,0,1,default,app89,1000000000000000,1
144845.0,web89,0,1,default,proxy89,1000000000000000,1
144845.0,proxy89,0,1,default,web89,1000000000000000,1
149533.0,web90,0,1,default,app90,1000000000000000,1
149533.0,app90,0,1,default,web90,1000000000000000,1
149533.0,app90,0,1,default,db90,1000000000000000,1
149533.0,db90,0,1,default,app90,1000000000000000,1
149533.0,web90,0,1,default,proxy90,1000000000000000,1
149533.0,proxy90,0,1,default,web90,1000000000000000,1
150737.0,web91,0,1,default,app91,1000000000000000,1
150737.0,app91,0,1,default,web91,1000000000000000,1
150737.0,app91,0,1,default,db91,1000000000000000,1
150737.0,db91,0,1,default,app91,1000000000000000,1
150737.0,web91,0,1,default,proxy91,1000000000000000,1
150737.0,proxy91,0,1,default,web91,1000000000000000,1
152749.0,web92,0,1,default,app92,1000000000000000,1
152749.0,app92,0,1,default,web92,1000000000000000,1
152749.0,app92,0,1,default,db92,1000000000000000,1
152749.0,db92,0,1,default,app92,1000000000000000,1
152749.0,web92,0,1,default,proxy92,1000000000000000,1
152749.0,proxy92,0,1,default,web92,1000000000000000,1
154132.0,web93,0,1,default,app93,1000000000000000,1
154132.0,app93,0,1,default,web93,1000000000000000,1
154132.0,app93,0,1,default,db93,1000000000000000,1
154132.0,db93,0,1,default,app93,1000000000000000,1
154132.0,web93,0,1,default,proxy93,1000000000000000,1
154132.0,proxy93,0,1,default,web93,1000000000000000,1
154864.0,web94,0,1,default,app94,1000000000000000,1
154864.0,app94,0,1,default,web94,1000000000000000,1
154864.0,app94,0,1,default,db94,1000000000000000,1
154864.0,db94,0,1,default,app94,1000000000000000,1
157637.0,web95,0,1,default,app95,1000000000000000,1
157637.0,app95,0,1,default,web95,1000000000000000,1
157637.0,app95,0,1,default,db95,1000000000000000,1
157637.0,db95,0,1,default,app95,1000000000000000,1
157866.0,web96,0,1,default,app96,1000000000000000,1
157866.0,app96,0,1,default,web96,1000000000000000,1
162354.0,web97,0,1,default,app97,1000000000000000,1
162354.0,app97,0,1,default,web97,1000000000000000,1
164478.0,web98,0,1,default,app98,1000000000000000,1
164478.0,app98,0,1,default,web98,1000000000000000,1
164478.0,app98,0,1,default,db98,1000000000000000,1
164478.0,db98,0,1,default,app98,1000000000000000,1
164478.0,web98,0,1,default,proxy98,1000000000000000,1
164478.0,proxy98,0,1,default,web98,1000000000000000,1
168529.0,web99,0,1,default,app99,1000000000000000,1
168529.0,app99,0,1,default,web99,1000000000000000,1
171661.0,web100,0,1,default,app100,1000000000000000,1
171661.0,app100,0,1,default,web100,1000000000000000,1
172038.0,web101,0,1,default,app101,1000000000000000,1
172038.0,app101,0,1,default,web101,1000000000000000,1
172038.0,app101,0,1,default,db101,1000000000000000,1
172038.0,db101,0,1,default,app101,1000000000000000,1
172038.0,web101,0,1,default,proxy101,1000000000000000,1
172038.0,proxy101,0,1,default,web101,1000000000000000,1
173851.0,web102,0,1,default,app102,1000000000000000,1
173851.0,app102,0,1,default,web102,1000000000000000,1
173851.0,app102,0,1,default,db102,1000000000000000,1
173851.0,db102,0,1,default,app102,1000000000000000,1
173851.0,web102,0,1,default,proxy102,1000000000000000,1
173851.0,proxy102,0,1,default,web102,1000000000000000,1
173964.0,web103,0,1,default,app103,1000000000000000,1
173964.0,app103,0,1,default,web103,1000000000000000,1
173964.0,app103,0,1,default,db103,1000000000000000,1
173964.0,db103,0,1,default,app103,1000000000000000,1
174738.0,web104,0,1,default,app104,1000000000000000,1
174738.0,app104,0,1,default,web104,1000000000000000,1
174738.0,app104,0,1,default,db104,1000000000000000,1
174738.0,db104,0,1,default,app104,1000000000000000,1
175927.0,web105,0,1,default,app105,1000000000000000,1
175927.0,app105,0,1,default,web105,1000000000000000,1
175927.0,app105,0,1,default,db105,1000000000000000,1
175927.0,db105,0,1,default,app105,1000000000000000,1
175927.0,web105,0,1,default,proxy105,1000000000000000,1
175927.0,proxy105,0,1,default,web105,1000000000000000,1
176630.0,web106,0,1,default,app106,1000000000000000,1
176630.0,app106,0,1,default,web106,1000000000000000,1
176630.0,app106,0,1,default,db106,1000000000000000,1
176630.0,db106,0,1,default,app106,1000000000000000,1
176630.0,web106,0,1,default,proxy106,1000000000000000,1
176630.0,proxy106,0,1,default,web106,1000000000000000,1
177860.0,web107,0,1,default,app107,1000000000000000,1
177860.0,app107,0,1,default,web107,1000000000000000,1
178015.0,web108,0,1,default,app108,1000000000000000,1
178015.0,app108,0,1,default,web108,1000000000000000,1
178397.0,web109,0,1,default,app109,1000000000000000,1
178397.0,app109,0,1,default,web109,1000000000000000,1
179622.0,web110,0,1,default,app110,1000000000000000,1
179622.0,app110,0,1,default,web110,1000000000000000,1
179622.0,app110,0,1,default,db110,1000000000000000,1
179622.0,db110,0,1,default,app110,1000000000000000,1
179622.0,web110,0,1,default,proxy110,1000000000000000,1
179622.0,proxy110,0,1,default,web110,1000000000000000,1
180120.0,web111,0,1,default,app111,1000000000000000,1
180120.0,app111,0,1,default,web111,1000000000000000,1
180120.0,app111,0,1,default,db111,1000000000000000,1
180120.0,db111,0,1,default,app111,1000000000000000,1
180120.0,web111,0,1,default,proxy111,1000000000000000,1
180120.0,proxy111,0,1,default,web111,1000000000000000,1
181079.0,web112,0,1,default,app112,1000000000000000,1
181079.0,app112,0,1,default,web112,1000000000000000,1
181079.0,app112,0,1,default,db112,1000000000000000,1
181079.0,db112,0,1,default,app112,1000000000000000,1
181079.0,web112,0,1,default,proxy112,1000000000000000,1
181079.0,proxy112,0,1,default,web112,1000000000000000,1
185780.0,web113,0,1,default,app113,1000000000000000,1
185780.0,app113,0,1,default,web113,1000000000000000,1
190318.0,web114,0,1,default,app114,1000000000000000,1
190318.0,app114,0,1,default,web114,1000000000000000,1
190318.0,app114,0,1,default,db114,1000000000000000,1
190318.0,db114,0,1,default,app114,1000000000000000,1
192681.0,web115,0,1,default,app115,1000000000000000,1
192681.0,app115,0,1,default,web115,1000000000000000,1
192681.0,app115,0,1,default,db115,1000000000000000,1
192681.0,db115,0,1,default,app115,1000000000000000,1
193561.0,web116,0,1,default,app116,1000000000000000,1
193561.0,app116,0,1,default,web116,1000000000000000,1
193561.0,app116,0,1,default,db116,1000000000000000,1
193561.0,db116,0,1,default,app116,1000000000000000,1
193561.0,web116,0,1,default,proxy116,1000000000000000,1
193561.0,proxy116,0,1,default,web116,1000000000000000,1
194080.0,web117,0,1,default,app117,1000000000000000,1
194080.0,app117,0,1,default,web117,1000000000000000,1
197521.0,web118,0,1,default,app118,1000000000000000,1
197521.0,app118,0,1,default,web118,1000000000000000,1
204417.0,web119,0,1,default,app119,1000000000000000,1
204417.0,app119,0,1,default,web119,1000000000000000,1
204417.0,app119,0,1,default,db119,1000000000000000,1
204417.0,db119,0,1,default,app119,1000000000000000,1
204417.0,web119,0,1,default,proxy119,1000000000000000,1
204417.0,proxy119,0,1,default,web119,1000000000000000,1
209432.0,web120,0,1,default,app120,1000000000000000,1
209432.0,app120,0,1,default,web120,1000000000000000,1
209432.0,app120,0,1,default,db120,1000000000000000,1
209432.0,db120,0,1,default,app120,1000000000000000,1
209432.0,web120,0,1,default,proxy120,1000000000000000,1
209432.0,proxy120,0,1,default,web120,1000000000000000,1
211041.0,web121,0,1,default,app121,1000000000000000,1
211041.0,app121,0,1,default,web121,1000000000000000,1
211041.0,app121,0,1,default,db121,1000000000000000,1
211041.0,db121,0,1,default,app121,1000000000000000,1
211041.0,web121,0,1,default,proxy121,1000000000000000,1
211041.0,proxy121,0,1,default,web121,1000000000000000,1
211102.0,web122,0,1,default,app122,1000000000000000,1
211102.0,app122,0,1,default,web122,1000000000000000,1
212475.0,web123,0,1,default,app123,1000000000000000,1
212475.0,app123,0,1,default,web123,1000000000000000,1
212475.0,app123,0,1,default,db123,1000000000000000,1
212475.0,db123,0,1,default,app123,1000000000000000,1
212475.0,web123,0,1,default,proxy123,1000000000000000,1
212475.0,proxy123,0,1,default,web123,1000000000000000,1
213110.0,web124,0,1,default,app124,1000000000000000,1
213110.0,app124,0,1,default,web124,1000000000000000,1
213110.0,app124,0,1,default,db124,1000000000000000,1
213110.0,db124,0,1,default,app124,1000000000000000,1
213110.0,web124,0,1,default,proxy124,1000000000000000,1
213110.0,proxy124,0,1,default,web124,1000000000000000,1
213618.0,web125,0,1,default,app125,1000000000000000,1
213618.0,app125,0,1,default,web125,1000000000000000,1
213618.0,app125,0,1,default,db125,1000000000000000,1
213618.0,db125,0,1,default,app125,1000000000000000,1
213618.0,web125,0,1,default,proxy125,1000000000000000,1
213618.0,proxy125,0,1,default,web125,1000000000000000,1
215325.0,web126,0,1,default,app126,1000000000000000,1
215325.0,app126,0,1,default,web126,1000000000000000,1
215325.0,app126,0,1,default,db126,1000000000000000,1
215325.0,db126,0,1,default,app126,1000000000000000,1
215325.0,web126,0,1,default,proxy126,1000000000000000,1
215325.0,proxy126,0,1,default,web126,1000000000000000,1
215479.0,web127,0,1,default,app127,1000000000000000,1
215479.0,app127,0,1,default,web127,1000000000000000,1
215479.0,app127,0,1,default,db127,1000000000000000,1
215479.0,db127,0,1,default,app127,1000000000000000,1
215479.0,web127,0,1,default,proxy127,1000000000000000,1
215479.0,proxy127,0,1,default,web127,1000000000000000,1
216755.0,web128,0,1,default,app128,1000000000000000,1
216755.0,app128,0,1,default,web128,1000000000000000,1
218523.0,web129,0,1,default,app129,1000000000000000,1
218523.0,app129,0,1,default,web129,1000000000000000,1
218523.0,app129,0,1,default,db129,1000000000000000,1
218523.0,db129,0,1,default,app129,1000000000000000,1
218523.0,web129,0,1,default,proxy129,1000000000000000,1
218523.0,proxy129,0,1,default,web129,1000000000000000,1
222500.0,web130,0,1,default,app130,1000000000000000,1
222500.0,app130,0,1,default,web130,1000000000000000,1
222500.0,app130,0,1,default,db130,1000000000000000,1
222500.0,db130,0,1,default,app130,1000000000000000,1
222500.0,web130,0,1,default,proxy130,1000000000000000,1
222500.0,proxy130,0,1,default,web130,1000000000000000,1
222916.0,web131,0,1,default,app131,1000000000000000,1
222916.0,app131,0,1,default,web131,1000000000000000,1
222916.0,app131,0,1,default,db131,1000000000000000,1
222916.0,db131,0,1,default,app131,1000000000000000,1
222916.0,web131,0,1,default,proxy131,1000000000000000,1
222916.0,proxy131,0,1,default,web131,1000000000000000,1
223740.0,web132,0,1,default,app132,1000000000000000,1
223740.0,app132,0,1,default,web132,1000000000000000,1
225192.0,web133,0,1,default,app133,1000000000000000,1
225192.0,app133,0,1,default,web133,1000000000000000,1
225192.0,app133,0,1,default,db133,1000000000000000,1
225192.0,db133,0,1,default,app133,1000000000000000,1
228025.0,web134,0,1,default,app134,1000000000000000,1
228025.0,app134,0,1,default,web134,1000000000000000,1
228025.0,app134,0,1,default,db134,1000000000000000,1
228025.0,db134,0,1,default,app134,1000000000000000,1
228025.0,web134,0,1,default,proxy134,1000000000000000,1
228025.0,proxy134,0,1,default,web134,1000000000000000,1
228247.0,web135,0,1,default,app135,1000000000000000,1
228247.0,app135,0,1,default,web135,1000000000000000,1
230524.0,web136,0,1,default,app136,1000000000000000,1
230524.0,app136,0,1,default,web136,1000000000000000,1
230524.0,app136,0,1,default,db136,1000000000000000,1
230524.0,db136,0,1,default,app136,1000000000000000,1
230524.0,web136,0,1,default,proxy136,1000000000000000,1
230524.0,proxy136,0,1,default,web136,1000000000000000,1
233547.0,web137,0,1,default,app137,1000000000000000,1
233547.0,app137,0,1,default,web137,1000000000000000,1
233547.0,app137,0,1,default,db137,1000000000000000,1
233547.0,db137,0,1,default,app137,1000000000000000,1
235614.0,web138,0,1,default,app138,1000000000000000,1
235614.0,app138,0,1,default,web138,1000000000000000,1
235614.0,app138,0,1,default,db138,1000000000000000,1
235614.0,db138,0,1,default,app138,1000000000000000,1
235614.0,web138,0,1,default,proxy138,1000000000000000,1
235614.0,proxy138,0,1,default,web138,1000000000000000,1
236446.0,web139,0,1,default,app139,1000000000000000,1
236446.0,app139,0,1,default,web139,1000000000000000,1
236446.0,app139,0,1,default,db139,1000000000000000,1
236446.0,db139,0,1,default,app139,1000000000000000,1
236686.0,web140,0,1,default,app140,1000000000000000,1
236686.0,app140,0,1,default,web140,1000000000000000,1
236686.0,app140,0,1,default,db140,1000000000000000,1
236686.0,db140,0,1,default,app140,1000000000000000,1
237554.0,web141,0,1,default,app141,1000000000000000,1
237554.0,app141,0,1,default,web141,1000000000000000,1
237554.0,app141,0,1,default,db141,1000000000000000,1
237554.0,db141,0,1,default,app141,1000000000000000,1
237676.0,web142,0,1,default,app142,1000000000000000,1
237676.0,app142,0,1,default,web142,1000000000000000,1
237676.0,app142,0,1,default,db142,1000000000000000,1
237676.0,db142,0,1,default,app142,1000000000000000,1
237676.0,web142,0,1,default,proxy142,1000000000000000,1
237676.0,proxy142,0,1,default,web142,1000000000000000,1
