Workload_ID,    App_ID,SubmitTime,Pr:StartTime,Pr:EndTime,Pr:CPUTime,   Pr:Size,Tr:StartTime,Tr:EndTime,Tr:NetworkTime,   Tr:Size,Tr:Channel,ResponseTime,
 4, 0, 0, 0, 0.01, 0.01, 1, 0.01, 2390, 2389.99, 1000000000000000, -1,TimeOut
 1, 0, 0, 0, 0.01, 0.01, 1, 0.01, 2390, 2389.99, 1000000000000000, -1,TimeOut
 2, 0, 0, 0, 0.01, 0.01, 1, 0.01, 2390, 2389.99, 1000000000000000, -1,TimeOut
 0, 0, 0, 0, 0.01, 0.01, 1, 0.01, 2390, 2389.99, 1000000000000000, -1,TimeOut
 3, 0, 0, 0, 0.01, 0.01, 1, 0.01, 2390, 2389.99, 1000000000000000, -1,TimeOut
 5, 0, 0, 0, 0.01, 0.01, 1, 0.01, 2390, 2389.99, 1000000000000000, -1,TimeOut
 7, 0, 2390, 2390, 2390.01, 0.01, 1, 2390.01, 2423, 32.99, 1000000000000000, -1,TimeOut
 8, 0, 2390, 2390, 2390.01, 0.01, 1, 2390.01, 2423, 32.99, 1000000000000000, -1,TimeOut
 9, 0, 2390, 2390, 2390.01, 0.01, 1, 2390.01, 2423, 32.99, 1000000000000000, -1,TimeOut
 6, 0, 2390, 2390, 2390.01, 0.01, 1, 2390.01, 2423, 32.99, 1000000000000000, -1,TimeOut
 10, 0, 2423, 2423, 2423.01, 0.01, 1, 2423.01, 3585, 1161.99, 1000000000000000, -1,TimeOut
 13, 0, 2423, 2423, 2423.01, 0.01, 1, 2423.01, 3585, 1161.99, 1000000000000000, -1,TimeOut
 12, 0, 2423, 2423, 2423.01, 0.01, 1, 2423.01, 3585, 1161.99, 1000000000000000, -1,TimeOut
 11, 0, 2423, 2423, 2423.01, 0.01, 1, 2423.01, 3585, 1161.99, 1000000000000000, -1,TimeOut
 17, 0, 3585, 3585, 3585.01, 0.01, 1, 3585.01, 5260, 1674.99, 1000000000000000, -1,TimeOut
 15, 0, 3585, 3585, 3585.01, 0.01, 1, 3585.01, 5260, 1674.99, 1000000000000000, -1,TimeOut
 14, 0, 3585, 3585, 3585.01, 0.01, 1, 3585.01, 5260, 1674.99, 1000000000000000, -1,TimeOut
 16, 0, 3585, 3585, 3585.01, 0.01, 1, 3585.01, 5260, 1674.99, 1000000000000000, -1,TimeOut
 19, 0, 5260, 5260, 5260.01, 0.01, 1, 5260.01, 5965, 704.99, 1000000000000000, -1,TimeOut
 18, 0, 5260, 5260, 5260.01, 0.01, 1, 5260.01, 5965, 704.99, 1000000000000000, -1,TimeOut
 23, 0, 5965, 5965, 5965.01, 0.01, 1, 5965.01, 6719, 753.99, 1000000000000000, -1,TimeOut
 22, 0, 5965, 5965, 5965.01, 0.01, 1, 5965.01, 6719, 753.99, 1000000000000000, -1,TimeOut
 21, 0, 5965, 5965, 5965.01, 0.01, 1, 5965.01, 6719, 753.99, 1000000000000000, -1,TimeOut
 20, 0, 5965, 5965, 5965.01, 0.01, 1, 5965.01, 6719, 753.99, 1000000000000000, -1,TimeOut
 24, 0, 5965, 5965, 5965.01, 0.01, 1, 5965.01, 6719, 753.99, 1000000000000000, -1,TimeOut
 25, 0, 5965, 5965, 5965.01, 0.01, 1, 5965.01, 6719, 753.99, 1000000000000000, -1,TimeOut
 26, 0, 6719, 6719, 6719.01, 0.01, 1, 6719.01, 6919, 199.99, 1000000000000000, -1,TimeOut
 27, 0, 6719, 6719, 6719.01, 0.01, 1, 6719.01, 6919, 199.99, 1000000000000000, -1,TimeOut
 29, 0, 6919, 6919, 6919.01, 0.01, 1, 6919.01, 8677, 1757.99, 1000000000000000, -1,TimeOut
 30, 0, 6919, 6919, 6919.01, 0.01, 1, 6919.01, 8677, 1757.99, 1000000000000000, -1,TimeOut
 28, 0, 6919, 6919, 6919.01, 0.01, 1, 6919.01, 8677, 1757.99, 1000000000000000, -1,TimeOut
 31, 0, 6919, 6919, 6919.01, 0.01, 1, 6919.01, 8677, 1757.99, 1000000000000000, -1,TimeOut
 32, 0, 8677, 8677, 8677.01, 0.01, 1, 8677.01, 9417, 739.99, 1000000000000000, -1,TimeOut
 36, 0, 8677, 8677, 8677.01, 0.01, 1, 8677.01, 9417, 739.99, 1000000000000000, -1,TimeOut
 37, 0, 8677, 8677, 8677.01, 0.01, 1, 8677.01, 9417, 739.99, 1000000000000000, -1,TimeOut
 35, 0, 8677, 8677, 8677.01, 0.01, 1, 8677.01, 9417, 739.99, 1000000000000000, -1,TimeOut
 34, 0, 8677, 8677, 8677.01, 0.01, 1, 8677.01, 9417, 739.99, 1000000000000000, -1,TimeOut
 33, 0, 8677, 8677, 8677.01, 0.01, 1, 8677.01, 9417, 739.99, 1000000000000000, -1,TimeOut
 38, 0, 9417, 9417, 9417.01, 0.01, 1, 9417.01, 16997, 7579.99, 1000000000000000, -1,TimeOut
 39, 0, 9417, 9417, 9417.01, 0.01, 1, 9417.01, 16997, 7579.99, 1000000000000000, -1,TimeOut
 40, 0, 9417, 9417, 9417.01, 0.01, 1, 9417.01, 16997, 7579.99, 1000000000000000, -1,TimeOut
 41, 0, 9417, 9417, 9417.01, 0.01, 1, 9417.01, 16997, 7579.99, 1000000000000000, -1,TimeOut
 45, 0, 16997, 16997, 16997.01, 0.01, 1, 16997.01, 17355, 357.99, 1000000000000000, -1,TimeOut
 42, 0, 16997, 16997, 16997.01, 0.01, 1, 16997.01, 17355, 357.99, 1000000000000000, -1,TimeOut
 44, 0, 16997, 16997, 16997.01, 0.01, 1, 16997.01, 17355, 357.99, 1000000000000000, -1,TimeOut
 43, 0, 16997, 16997, 16997.01, 0.01, 1, 16997.01, 17355, 357.99, 1000000000000000, -1,TimeOut
 49, 0, 18856, 18856, 18856.01, 0.01, 1, 18856.01, 21246, 2389.99, 1000000000000000, -1,TimeOut
 48, 0, 18856, 18856, 18856.01, 0.01, 1, 18856.01, 21246, 2389.99, 1000000000000000, -1,TimeOut
 47, 0, 18856, 18856, 18856.01, 0.01, 1, 18856.01, 21246, 2389.99, 1000000000000000, -1,TimeOut
 50, 0, 18856, 18856, 18856.01, 0.01, 1, 18856.01, 21246, 2389.99, 1000000000000000, -1,TimeOut
 46, 0, 18856, 18856, 18856.01, 0.01, 1, 18856.01, 21246, 2389.99, 1000000000000000, -1,TimeOut
 51, 0, 18856, 18856, 18856.01, 0.01, 1, 18856.01, 21246, 2389.99, 1000000000000000, -1,TimeOut
 54, 0, 21246, 21246, 21246.01, 0.01, 1, 21246.01, 22198, 951.99, 1000000000000000, -1,TimeOut
 55, 0, 21246, 21246, 21246.01, 0.01, 1, 21246.01, 22198, 951.99, 1000000000000000, -1,TimeOut
 53, 0, 21246, 21246, 21246.01, 0.01, 1, 21246.01, 22198, 951.99, 1000000000000000, -1,TimeOut
 56, 0, 21246, 21246, 21246.01, 0.01, 1, 21246.01, 22198, 951.99, 1000000000000000, -1,TimeOut
 52, 0, 21246, 21246, 21246.01, 0.01, 1, 21246.01, 22198, 951.99, 1000000000000000, -1,TimeOut
 57, 0, 21246, 21246, 21246.01, 0.01, 1, 21246.01, 22198, 951.99, 1000000000000000, -1,TimeOut
 62, 0, 22352, 22352, 22352.01, 0.01, 1, 22352.01, 22660, 307.99, 1000000000000000, -1,TimeOut
 59, 0, 22352, 22352, 22352.01, 0.01, 1, 22352.01, 22660, 307.99, 1000000000000000, -1,TimeOut
 58, 0, 22352, 22352, 22352.01, 0.01, 1, 22352.01, 22660, 307.99, 1000000000000000, -1,TimeOut
 63, 0, 22352, 22352, 22352.01, 0.01, 1, 22352.01, 22660, 307.99, 1000000000000000, -1,TimeOut
 60, 0, 22352, 22352, 22352.01, 0.01, 1, 22352.01, 22660, 307.99, 1000000000000000, -1,TimeOut
 61, 0, 22352, 22352, 22352.01, 0.01, 1, 22352.01, 22660, 307.99, 1000000000000000, -1,TimeOut
 65, 0, 22660, 22660, 22660.01, 0.01, 1, 22660.01, 22970, 309.99, 1000000000000000, -1,TimeOut
 68, 0, 22660, 22660, 22660.01, 0.01, 1, 22660.01, 22970, 309.99, 1000000000000000, -1,TimeOut
 64, 0, 22660, 22660, 22660.01, 0.01, 1, 22660.01, 22970, 309.99, 1000000000000000, -1,TimeOut
 66, 0, 22660, 22660, 22660.01, 0.01, 1, 22660.01, 22970, 309.99, 1000000000000000, -1,TimeOut
 69, 0, 22660, 22660, 22660.01, 0.01, 1, 22660.01, 22970, 309.99, 1000000000000000, -1,TimeOut
 67, 0, 22660, 22660, 22660.01, 0.01, 1, 22660.01, 22970, 309.99, 1000000000000000, -1,TimeOut
 73, 0, 22970, 22970, 22970.01, 0.01, 1, 22970.01, 23534, 563.99, 1000000000000000, -1,TimeOut
 72, 0, 22970, 22970, 22970.01, 0.01, 1, 22970.01, 23534, 563.99, 1000000000000000, -1,TimeOut
 71, 0, 22970, 22970, 22970.01, 0.01, 1, 22970.01, 23534, 563.99, 1000000000000000, -1,TimeOut
 70, 0, 22970, 22970, 22970.01, 0.01, 1, 22970.01, 23534, 563.99, 1000000000000000, -1,TimeOut
 75, 0, 23534, 23534, 23534.01, 0.01, 1, 23534.01, 25458, 1923.99, 1000000000000000, -1,TimeOut
 76, 0, 23534, 23534, 23534.01, 0.01, 1, 23534.01, 25458, 1923.99, 1000000000000000, -1,TimeOut
 77, 0, 23534, 23534, 23534.01, 0.01, 1, 23534.01, 25458, 1923.99, 1000000000000000, -1,TimeOut
 74, 0, 23534, 23534, 23534.01, 0.01, 1, 23534.01, 25458, 1923.99, 1000000000000000, -1,TimeOut
 79, 0, 25458, 25458, 25458.01, 0.01, 1, 25458.01, 26085, 626.99, 1000000000000000, -1,TimeOut
 78, 0, 25458, 25458, 25458.01, 0.01, 1, 25458.01, 26085, 626.99, 1000000000000000, -1,TimeOut
 80, 0, 25458, 25458, 25458.01, 0.01, 1, 25458.01, 26085, 626.99, 1000000000000000, -1,TimeOut
 81, 0, 25458, 25458, 25458.01, 0.01, 1, 25458.01, 26085, 626.99, 1000000000000000, -1,TimeOut
 83, 0, 26302, 26302, 26302.01, 0.01, 1, 26302.01, 28650, 2347.99, 1000000000000000, -1,TimeOut
 82, 0, 26302, 26302, 26302.01, 0.01, 1, 26302.01, 28650, 2347.99, 1000000000000000, -1,TimeOut
 87, 0, 26302, 26302, 26302.01, 0.01, 1, 26302.01, 28650, 2347.99, 1000000000000000, -1,TimeOut
 86, 0, 26302, 26302, 26302.01, 0.01, 1, 26302.01, 28650, 2347.99, 1000000000000000, -1,TimeOut
 85, 0, 26302, 26302, 26302.01, 0.01, 1, 26302.01, 28650, 2347.99, 1000000000000000, -1,TimeOut
 84, 0, 26302, 26302, 26302.01, 0.01, 1, 26302.01, 28650, 2347.99, 1000000000000000, -1,TimeOut
 88, 0, 28650, 28650, 28650.01, 0.01, 1, 28650.01, 29084, 433.99, 1000000000000000, -1,TimeOut
 89, 0, 28650, 28650, 28650.01, 0.01, 1, 28650.01, 29084, 433.99, 1000000000000000, -1,TimeOut
 91, 0, 29987, 29987, 29987.01, 0.01, 1, 29987.01, 30347, 359.99, 1000000000000000, -1,TimeOut
 90, 0, 29987, 29987, 29987.01, 0.01, 1, 29987.01, 30347, 359.99, 1000000000000000, -1,TimeOut
 94, 0, 34592, 34592, 34592.01, 0.01, 1, 34592.01, 35173, 580.99, 1000000000000000, -1,TimeOut
 95, 0, 34592, 34592, 34592.01, 0.01, 1, 34592.01, 35173, 580.99, 1000000000000000, -1,TimeOut
 93, 0, 34592, 34592, 34592.01, 0.01, 1, 34592.01, 35173, 580.99, 1000000000000000, -1,TimeOut
 92, 0, 34592, 34592, 34592.01, 0.01, 1, 34592.01, 35173, 580.99, 1000000000000000, -1,TimeOut
 96, 0, 34592, 34592, 34592.01, 0.01, 1, 34592.01, 35173, 580.99, 1000000000000000, -1,TimeOut
 97, 0, 34592, 34592, 34592.01, 0.01, 1, 34592.01, 35173, 580.99, 1000000000000000, -1,TimeOut
 100, 0, 35173, 35173, 35173.01, 0.01, 1, 35173.01, 36250, 1076.99, 1000000000000000, -1,TimeOut
 99, 0, 35173, 35173, 35173.01, 0.01, 1, 35173.01, 36250, 1076.99, 1000000000000000, -1,TimeOut
 98, 0, 35173, 35173, 35173.01, 0.01, 1, 35173.01, 36250, 1076.99, 1000000000000000, -1,TimeOut
 101, 0, 35173, 35173, 35173.01, 0.01, 1, 35173.01, 36250, 1076.99, 1000000000000000, -1,TimeOut
 103, 0, 37477, 37477, 37477.01, 0.01, 1, 37477.01, 37495, 17.99, 1000000000000000, -1,TimeOut
 102, 0, 37477, 37477, 37477.01, 0.01, 1, 37477.01, 37495, 17.99, 1000000000000000, -1,TimeOut
 105, 0, 40388, 40388, 40388.01, 0.01, 1, 40388.01, 42047, 1658.99, 1000000000000000, -1,TimeOut
 104, 0, 40388, 40388, 40388.01, 0.01, 1, 40388.01, 42047, 1658.99, 1000000000000000, -1,TimeOut
 109, 0, 42047, 42047, 42047.01, 0.01, 1, 42047.01, 44155, 2107.99, 1000000000000000, -1,TimeOut
 108, 0, 42047, 42047, 42047.01, 0.01, 1, 42047.01, 44155, 2107.99, 1000000000000000, -1,TimeOut
 106, 0, 42047, 42047, 42047.01, 0.01, 1, 42047.01, 44155, 2107.99, 1000000000000000, -1,TimeOut
 107, 0, 42047, 42047, 42047.01, 0.01, 1, 42047.01, 44155, 2107.99, 1000000000000000, -1,TimeOut
 110, 0, 42047, 42047, 42047.01, 0.01, 1, 42047.01, 44155, 2107.99, 1000000000000000, -1,TimeOut
 111, 0, 42047, 42047, 42047.01, 0.01, 1, 42047.01, 44155, 2107.99, 1000000000000000, -1,TimeOut
 116, 0, 44155, 44155, 44155.01, 0.01, 1, 44155.01, 44232, 76.99, 1000000000000000, -1,TimeOut
 113, 0, 44155, 44155, 44155.01, 0.01, 1, 44155.01, 44232, 76.99, 1000000000000000, -1,TimeOut
 112, 0, 44155, 44155, 44155.01, 0.01, 1, 44155.01, 44232, 76.99, 1000000000000000, -1,TimeOut
 117, 0, 44155, 44155, 44155.01, 0.01, 1, 44155.01, 44232, 76.99, 1000000000000000, -1,TimeOut
 115, 0, 44155, 44155, 44155.01, 0.01, 1, 44155.01, 44232, 76.99, 1000000000000000, -1,TimeOut
 114, 0, 44155, 44155, 44155.01, 0.01, 1, 44155.01, 44232, 76.99, 1000000000000000, -1,TimeOut
 119, 0, 47814, 47814, 47814.01, 0.01, 1, 47814.01, 48245, 430.99, 1000000000000000, -1,TimeOut
 118, 0, 47814, 47814, 47814.01, 0.01, 1, 47814.01, 48245, 430.99, 1000000000000000, -1,TimeOut
 121, 0, 48245, 48245, 48245.01, 0.01, 1, 48245.01, 49249, 1003.99, 1000000000000000, -1,TimeOut
 120, 0, 48245, 48245, 48245.01, 0.01, 1, 48245.01, 49249, 1003.99, 1000000000000000, -1,TimeOut
 122, 0, 48245, 48245, 48245.01, 0.01, 1, 48245.01, 49249, 1003.99, 1000000000000000, -1,TimeOut
 125, 0, 48245, 48245, 48245.01, 0.01, 1, 48245.01, 49249, 1003.99, 1000000000000000, -1,TimeOut
 123, 0, 48245, 48245, 48245.01, 0.01, 1, 48245.01, 49249, 1003.99, 1000000000000000, -1,TimeOut
 124, 0, 48245, 48245, 48245.01, 0.01, 1, 48245.01, 49249, 1003.99, 1000000000000000, -1,TimeOut
 127, 0, 49770, 49770, 49770.01, 0.01, 1, 49770.01, 50839, 1068.99, 1000000000000000, -1,TimeOut
 126, 0, 49770, 49770, 49770.01, 0.01, 1, 49770.01, 50839, 1068.99, 1000000000000000, -1,TimeOut
 131, 0, 53229, 53229, 53229.01, 0.01, 1, 53229.01, 56650, 3420.99, 1000000000000000, -1,TimeOut
 133, 0, 53229, 53229, 53229.01, 0.01, 1, 53229.01, 56650, 3420.99, 1000000000000000, -1,TimeOut
 129, 0, 53229, 53229, 53229.01, 0.01, 1, 53229.01, 56650, 3420.99, 1000000000000000, -1,TimeOut
 130, 0, 53229, 53229, 53229.01, 0.01, 1, 53229.01, 56650, 3420.99, 1000000000000000, -1,TimeOut
 128, 0, 53229, 53229, 53229.01, 0.01, 1, 53229.01, 56650, 3420.99, 1000000000000000, -1,TimeOut
 132, 0, 53229, 53229, 53229.01, 0.01, 1, 53229.01, 56650, 3420.99, 1000000000000000, -1,TimeOut
 139, 0, 57160, 57160, 57160.01, 0.01, 1, 57160.01, 60059, 2898.99, 1000000000000000, -1,TimeOut
 135, 0, 57160, 57160, 57160.01, 0.01, 1, 57160.01, 60059, 2898.99, 1000000000000000, -1,TimeOut
 134, 0, 57160, 57160, 57160.01, 0.01, 1, 57160.01, 60059, 2898.99, 1000000000000000, -1,TimeOut
 138, 0, 57160, 57160, 57160.01, 0.01, 1, 57160.01, 60059, 2898.99, 1000000000000000, -1,TimeOut
 137, 0, 57160, 57160, 57160.01, 0.01, 1, 57160.01, 60059, 2898.99, 1000000000000000, -1,TimeOut
 136, 0, 57160, 57160, 57160.01, 0.01, 1, 57160.01, 60059, 2898.99, 1000000000000000, -1,TimeOut
 140, 0, 60059, 60059, 60059.01, 0.01, 1, 60059.01, 60621, 561.99, 1000000000000000, -1,TimeOut
 141, 0, 60059, 60059, 60059.01, 0.01, 1, 60059.01, 60621, 561.99, 1000000000000000, -1,TimeOut
 143, 0, 60059, 60059, 60059.01, 0.01, 1, 60059.01, 60621, 561.99, 1000000000000000, -1,TimeOut
 142, 0, 60059, 60059, 60059.01, 0.01, 1, 60059.01, 60621, 561.99, 1000000000000000, -1,TimeOut
 148, 0, 60621, 60621, 60621.01, 0.01, 1, 60621.01, 60767, 145.99, 1000000000000000, -1,TimeOut
 149, 0, 60621, 60621, 60621.01, 0.01, 1, 60621.01, 60767, 145.99, 1000000000000000, -1,TimeOut
 145, 0, 60621, 60621, 60621.01, 0.01, 1, 60621.01, 60767, 145.99, 1000000000000000, -1,TimeOut
 144, 0, 60621, 60621, 60621.01, 0.01, 1, 60621.01, 60767, 145.99, 1000000000000000, -1,TimeOut
 147, 0, 60621, 60621, 60621.01, 0.01, 1, 60621.01, 60767, 145.99, 1000000000000000, -1,TimeOut
 146, 0, 60621, 60621, 60621.01, 0.01, 1, 60621.01, 60767, 145.99, 1000000000000000, -1,TimeOut
 151, 0, 60767, 60767, 60767.01, 0.01, 1, 60767.01, 61109, 341.99, 1000000000000000, -1,TimeOut
 153, 0, 60767, 60767, 60767.01, 0.01, 1, 60767.01, 61109, 341.99, 1000000000000000, -1,TimeOut
 152, 0, 60767, 60767, 60767.01, 0.01, 1, 60767.01, 61109, 341.99, 1000000000000000, -1,TimeOut
 150, 0, 60767, 60767, 60767.01, 0.01, 1, 60767.01, 61109, 341.99, 1000000000000000, -1,TimeOut
 154, 0, 60767, 60767, 60767.01, 0.01, 1, 60767.01, 61109, 341.99, 1000000000000000, -1,TimeOut
 155, 0, 60767, 60767, 60767.01, 0.01, 1, 60767.01, 61109, 341.99, 1000000000000000, -1,TimeOut
 157, 0, 61109, 61109, 61109.01, 0.01, 1, 61109.01, 61122, 12.99, 1000000000000000, -1,TimeOut
 156, 0, 61109, 61109, 61109.01, 0.01, 1, 61109.01, 61122, 12.99, 1000000000000000, -1,TimeOut
 159, 0, 61122, 61122, 61122.01, 0.01, 1, 61122.01, 61346, 223.99, 1000000000000000, -1,TimeOut
 158, 0, 61122, 61122, 61122.01, 0.01, 1, 61122.01, 61346, 223.99, 1000000000000000, -1,TimeOut
 163, 0, 61346, 61346, 61346.01, 0.01, 1, 61346.01, 62486, 1139.99, 1000000000000000, -1,TimeOut
 162, 0, 61346, 61346, 61346.01, 0.01, 1, 61346.01, 62486, 1139.99, 1000000000000000, -1,TimeOut
 164, 0, 61346, 61346, 61346.01, 0.01, 1, 61346.01, 62486, 1139.99, 1000000000000000, -1,TimeOut
 165, 0, 61346, 61346, 61346.01, 0.01, 1, 61346.01, 62486, 1139.99, 1000000000000000, -1,TimeOut
 160, 0, 61346, 61346, 61346.01, 0.01, 1, 61346.01, 62486, 1139.99, 1000000000000000, -1,TimeOut
 161, 0, 61346, 61346, 61346.01, 0.01, 1, 61346.01, 62486, 1139.99, 1000000000000000, -1,TimeOut
 169, 0, 63644, 63644, 63644.01, 0.01, 1, 63644.01, 64818, 1173.99, 1000000000000000, -1,TimeOut
 168, 0, 63644, 63644, 63644.01, 0.01, 1, 63644.01, 64818, 1173.99, 1000000000000000, -1,TimeOut
 171, 0, 63644, 63644, 63644.01, 0.01, 1, 63644.01, 64818, 1173.99, 1000000000000000, -1,TimeOut
 167, 0, 63644, 63644, 63644.01, 0.01, 1, 63644.01, 64818, 1173.99, 1000000000000000, -1,TimeOut
 166, 0, 63644, 63644, 63644.01, 0.01, 1, 63644.01, 64818, 1173.99, 1000000000000000, -1,TimeOut
 170, 0, 63644, 63644, 63644.01, 0.01, 1, 63644.01, 64818, 1173.99, 1000000000000000, -1,TimeOut
 175, 0, 64818, 64818, 64818.01, 0.01, 1, 64818.01, 64886, 67.99, 1000000000000000, -1,TimeOut
 174, 0, 64818, 64818, 64818.01, 0.01, 1, 64818.01, 64886, 67.99, 1000000000000000, -1,TimeOut
 173, 0, 64818, 64818, 64818.01, 0.01, 1, 64818.01, 64886, 67.99, 1000000000000000, -1,TimeOut
 172, 0, 64818, 64818, 64818.01, 0.01, 1, 64818.01, 64886, 67.99, 1000000000000000, -1,TimeOut
 177, 0, 65637, 65637, 65637.01, 0.01, 1, 65637.01, 66884, 1246.99, 1000000000000000, -1,TimeOut
 176, 0, 65637, 65637, 65637.01, 0.01, 1, 65637.01, 66884, 1246.99, 1000000000000000, -1,TimeOut
 181, 0, 70110, 70110, 70110.01, 0.01, 1, 70110.01, 72652, 2541.99, 1000000000000000, -1,TimeOut
 180, 0, 70110, 70110, 70110.01, 0.01, 1, 70110.01, 72652, 2541.99, 1000000000000000, -1,TimeOut
 179, 0, 70110, 70110, 70110.01, 0.01, 1, 70110.01, 72652, 2541.99, 1000000000000000, -1,TimeOut
 178, 0, 70110, 70110, 70110.01, 0.01, 1, 70110.01, 72652, 2541.99, 1000000000000000, -1,TimeOut
 183, 0, 72652, 72652, 72652.01, 0.01, 1, 72652.01, 75184, 2531.99, 1000000000000000, -1,TimeOut
 184, 0, 72652, 72652, 72652.01, 0.01, 1, 72652.01, 75184, 2531.99, 1000000000000000, -1,TimeOut
 182, 0, 72652, 72652, 72652.01, 0.01, 1, 72652.01, 75184, 2531.99, 1000000000000000, -1,TimeOut
 185, 0, 72652, 72652, 72652.01, 0.01, 1, 72652.01, 75184, 2531.99, 1000000000000000, -1,TimeOut
 191, 0, 75184, 75184, 75184.01, 0.01, 1, 75184.01, 75576, 391.99, 1000000000000000, -1,TimeOut
 190, 0, 75184, 75184, 75184.01, 0.01, 1, 75184.01, 75576, 391.99, 1000000000000000, -1,TimeOut
 187, 0, 75184, 75184, 75184.01, 0.01, 1, 75184.01, 75576, 391.99, 1000000000000000, -1,TimeOut
 186, 0, 75184, 75184, 75184.01, 0.01, 1, 75184.01, 75576, 391.99, 1000000000000000, -1,TimeOut
 189, 0, 75184, 75184, 75184.01, 0.01, 1, 75184.01, 75576, 391.99, 1000000000000000, -1,TimeOut
 188, 0, 75184, 75184, 75184.01, 0.01, 1, 75184.01, 75576, 391.99, 1000000000000000, -1,TimeOut
 192, 0, 75576, 75576, 75576.01, 0.01, 1, 75576.01, 77303, 1726.99, 1000000000000000, -1,TimeOut
 193, 0, 75576, 75576, 75576.01, 0.01, 1, 75576.01, 77303, 1726.99, 1000000000000000, -1,TimeOut
 195, 0, 75576, 75576, 75576.01, 0.01, 1, 75576.01, 77303, 1726.99, 1000000000000000, -1,TimeOut
 194, 0, 75576, 75576, 75576.01, 0.01, 1, 75576.01, 77303, 1726.99, 1000000000000000, -1,TimeOut
 197, 0, 77303, 77303, 77303.01, 0.01, 1, 77303.01, 78137, 833.99, 1000000000000000, -1,TimeOut
 196, 0, 77303, 77303, 77303.01, 0.01, 1, 77303.01, 78137, 833.99, 1000000000000000, -1,TimeOut
 200, 0, 78137, 78137, 78137.01, 0.01, 1, 78137.01, 79194, 1056.99, 1000000000000000, -1,TimeOut
 198, 0, 78137, 78137, 78137.01, 0.01, 1, 78137.01, 79194, 1056.99, 1000000000000000, -1,TimeOut
 199, 0, 78137, 78137, 78137.01, 0.01, 1, 78137.01, 79194, 1056.99, 1000000000000000, -1,TimeOut
 204, 0, 79207, 79207, 79207.01, 0.01, 1, 79207.01, 79444, 236.99, 1000000000000000, -1,TimeOut
 203, 0, 79207, 79207, 79207.01, 0.01, 1, 79207.01, 79444, 236.99, 1000000000000000, -1,TimeOut
 202, 0, 79207, 79207, 79207.01, 0.01, 1, 79207.01, 79444, 236.99, 1000000000000000, -1,TimeOut
 201, 0, 79207, 79207, 79207.01, 0.01, 1, 79207.01, 79444, 236.99, 1000000000000000, -1,TimeOut
 208, 0, 79444, 79444, 79444.01, 0.01, 1, 79444.01, 79888, 443.99, 1000000000000000, -1,TimeOut
 207, 0, 79444, 79444, 79444.01, 0.01, 1, 79444.01, 79888, 443.99, 1000000000000000, -1,TimeOut
 206, 0, 79444, 79444, 79444.01, 0.01, 1, 79444.01, 79888, 443.99, 1000000000000000, -1,TimeOut
 205, 0, 79444, 79444, 79444.01, 0.01, 1, 79444.01, 79888, 443.99, 1000000000000000, -1,TimeOut
 210, 0, 80215, 80215, 80215.01, 0.01, 1, 80215.01, 81017, 801.99, 1000000000000000, -1,TimeOut
 209, 0, 80215, 80215, 80215.01, 0.01, 1, 80215.01, 81017, 801.99, 1000000000000000, -1,TimeOut
 215, 0, 84252, 84252, 84252.01, 0.01, 1, 84252.01, 84314, 61.99, 1000000000000000, -1,TimeOut
 216, 0, 84252, 84252, 84252.01, 0.01, 1, 84252.01, 84314, 61.99, 1000000000000000, -1,TimeOut
 212, 0, 84252, 84252, 84252.01, 0.01, 1, 84252.01, 84314, 61.99, 1000000000000000, -1,TimeOut
 214, 0, 84252, 84252, 84252.01, 0.01, 1, 84252.01, 84314, 61.99, 1000000000000000, -1,TimeOut
 213, 0, 84252, 84252, 84252.01, 0.01, 1, 84252.01, 84314, 61.99, 1000000000000000, -1,TimeOut
 211, 0, 84252, 84252, 84252.01, 0.01, 1, 84252.01, 84314, 61.99, 1000000000000000, -1,TimeOut
 221, 0, 84314, 84314, 84314.01, 0.01, 1, 84314.01, 84682, 367.99, 1000000000000000, -1,TimeOut
 222, 0, 84314, 84314, 84314.01, 0.01, 1, 84314.01, 84682, 367.99, 1000000000000000, -1,TimeOut
 218, 0, 84314, 84314, 84314.01, 0.01, 1, 84314.01, 84682, 367.99, 1000000000000000, -1,TimeOut
 217, 0, 84314, 84314, 84314.01, 0.01, 1, 84314.01, 84682, 367.99, 1000000000000000, -1,TimeOut
 220, 0, 84314, 84314, 84314.01, 0.01, 1, 84314.01, 84682, 367.99, 1000000000000000, -1,TimeOut
 219, 0, 84314, 84314, 84314.01, 0.01, 1, 84314.01, 84682, 367.99, 1000000000000000, -1,TimeOut
 224, 0, 84682, 84682, 84682.01, 0.01, 1, 84682.01, 85050, 367.99, 1000000000000000, -1,TimeOut
 223, 0, 84682, 84682, 84682.01, 0.01, 1, 84682.01, 85050, 367.99, 1000000000000000, -1,TimeOut
 226, 0, 84682, 84682, 84682.01, 0.01, 1, 84682.01, 85050, 367.99, 1000000000000000, -1,TimeOut
 225, 0, 84682, 84682, 84682.01, 0.01, 1, 84682.01, 85050, 367.99, 1000000000000000, -1,TimeOut
 230, 0, 88059, 88059, 88059.01, 0.01, 1, 88059.01, 89685, 1625.99, 1000000000000000, -1,TimeOut
 229, 0, 88059, 88059, 88059.01, 0.01, 1, 88059.01, 89685, 1625.99, 1000000000000000, -1,TimeOut
 227, 0, 88059, 88059, 88059.01, 0.01, 1, 88059.01, 89685, 1625.99, 1000000000000000, -1,TimeOut
 231, 0, 88059, 88059, 88059.01, 0.01, 1, 88059.01, 89685, 1625.99, 1000000000000000, -1,TimeOut
 232, 0, 88059, 88059, 88059.01, 0.01, 1, 88059.01, 89685, 1625.99, 1000000000000000, -1,TimeOut
 228, 0, 88059, 88059, 88059.01, 0.01, 1, 88059.01, 89685, 1625.99, 1000000000000000, -1,TimeOut
 234, 0, 89685, 89685, 89685.01, 0.01, 1, 89685.01, 89935, 249.99, 1000000000000000, -1,TimeOut
 233, 0, 89685, 89685, 89685.01, 0.01, 1, 89685.01, 89935, 249.99, 1000000000000000, -1,TimeOut
 235, 0, 89685, 89685, 89685.01, 0.01, 1, 89685.01, 89935, 249.99, 1000000000000000, -1,TimeOut
 237, 0, 89685, 89685, 89685.01, 0.01, 1, 89685.01, 89935, 249.99, 1000000000000000, -1,TimeOut
 238, 0, 89685, 89685, 89685.01, 0.01, 1, 89685.01, 89935, 249.99, 1000000000000000, -1,TimeOut
 236, 0, 89685, 89685, 89685.01, 0.01, 1, 89685.01, 89935, 249.99, 1000000000000000, -1,TimeOut
 240, 0, 89935, 89935, 89935.01, 0.01, 1, 89935.01, 90180, 244.99, 1000000000000000, -1,TimeOut
 239, 0, 89935, 89935, 89935.01, 0.01, 1, 89935.01, 90180, 244.99, 1000000000000000, -1,TimeOut
 243, 0, 89935, 89935, 89935.01, 0.01, 1, 89935.01, 90180, 244.99, 1000000000000000, -1,TimeOut
 242, 0, 89935, 89935, 89935.01, 0.01, 1, 89935.01, 90180, 244.99, 1000000000000000, -1,TimeOut
 241, 0, 89935, 89935, 89935.01, 0.01, 1, 89935.01, 90180, 244.99, 1000000000000000, -1,TimeOut
 244, 0, 89935, 89935, 89935.01, 0.01, 1, 89935.01, 90180, 244.99, 1000000000000000, -1,TimeOut
 250, 0, 90180, 90180, 90180.01, 0.01, 1, 90180.01, 91557, 1376.99, 1000000000000000, -1,TimeOut
 246, 0, 90180, 90180, 90180.01, 0.01, 1, 90180.01, 91557, 1376.99, 1000000000000000, -1,TimeOut
 245, 0, 90180, 90180, 90180.01, 0.01, 1, 90180.01, 91557, 1376.99, 1000000000000000, -1,TimeOut
 249, 0, 90180, 90180, 90180.01, 0.01, 1, 90180.01, 91557, 1376.99, 1000000000000000, -1,TimeOut
 248, 0, 90180, 90180, 90180.01, 0.01, 1, 90180.01, 91557, 1376.99, 1000000000000000, -1,TimeOut
 247, 0, 90180, 90180, 90180.01, 0.01, 1, 90180.01, 91557, 1376.99, 1000000000000000, -1,TimeOut
 252, 0, 94989, 94989, 94989.01, 0.01, 1, 94989.01, 95836, 846.99, 1000000000000000, -1,TimeOut
 251, 0, 94989, 94989, 94989.01, 0.01, 1, 94989.01, 95836, 846.99, 1000000000000000, -1,TimeOut
 256, 0, 94989, 94989, 94989.01, 0.01, 1, 94989.01, 95836, 846.99, 1000000000000000, -1,TimeOut
 254, 0, 94989, 94989, 94989.01, 0.01, 1, 94989.01, 95836, 846.99, 1000000000000000, -1,TimeOut
 255, 0, 94989, 94989, 94989.01, 0.01, 1, 94989.01, 95836, 846.99, 1000000000000000, -1,TimeOut
 253, 0, 94989, 94989, 94989.01, 0.01, 1, 94989.01, 95836, 846.99, 1000000000000000, -1,TimeOut
 260, 0, 96933, 96933, 96933.01, 0.01, 1, 96933.01, 97310, 376.99, 1000000000000000, -1,TimeOut
 262, 0, 96933, 96933, 96933.01, 0.01, 1, 96933.01, 97310, 376.99, 1000000000000000, -1,TimeOut
 259, 0, 96933, 96933, 96933.01, 0.01, 1, 96933.01, 97310, 376.99, 1000000000000000, -1,TimeOut
 258, 0, 96933, 96933, 96933.01, 0.01, 1, 96933.01, 97310, 376.99, 1000000000000000, -1,TimeOut
 257, 0, 96933, 96933, 96933.01, 0.01, 1, 96933.01, 97310, 376.99, 1000000000000000, -1,TimeOut
 261, 0, 96933, 96933, 96933.01, 0.01, 1, 96933.01, 97310, 376.99, 1000000000000000, -1,TimeOut
 266, 0, 97310, 97310, 97310.01, 0.01, 1, 97310.01, 97494, 183.99, 1000000000000000, -1,TimeOut
 265, 0, 97310, 97310, 97310.01, 0.01, 1, 97310.01, 97494, 183.99, 1000000000000000, -1,TimeOut
 267, 0, 97310, 97310, 97310.01, 0.01, 1, 97310.01, 97494, 183.99, 1000000000000000, -1,TimeOut
 268, 0, 97310, 97310, 97310.01, 0.01, 1, 97310.01, 97494, 183.99, 1000000000000000, -1,TimeOut
 264, 0, 97310, 97310, 97310.01, 0.01, 1, 97310.01, 97494, 183.99, 1000000000000000, -1,TimeOut
 263, 0, 97310, 97310, 97310.01, 0.01, 1, 97310.01, 97494, 183.99, 1000000000000000, -1,TimeOut
 274, 0, 97494, 97494, 97494.01, 0.01, 1, 97494.01, 97822, 327.99, 1000000000000000, -1,TimeOut
 271, 0, 97494, 97494, 97494.01, 0.01, 1, 97494.01, 97822, 327.99, 1000000000000000, -1,TimeOut
 269, 0, 97494, 97494, 97494.01, 0.01, 1, 97494.01, 97822, 327.99, 1000000000000000, -1,TimeOut
 272, 0, 97494, 97494, 97494.01, 0.01, 1, 97494.01, 97822, 327.99, 1000000000000000, -1,TimeOut
 273, 0, 97494, 97494, 97494.01, 0.01, 1, 97494.01, 97822, 327.99, 1000000000000000, -1,TimeOut
 270, 0, 97494, 97494, 97494.01, 0.01, 1, 97494.01, 97822, 327.99, 1000000000000000, -1,TimeOut
 277, 0, 98171, 98171, 98171.01, 0.01, 1, 98171.01, 99451, 1279.99, 1000000000000000, -1,TimeOut
 279, 0, 98171, 98171, 98171.01, 0.01, 1, 98171.01, 99451, 1279.99, 1000000000000000, -1,TimeOut
 278, 0, 98171, 98171, 98171.01, 0.01, 1, 98171.01, 99451, 1279.99, 1000000000000000, -1,TimeOut
 280, 0, 98171, 98171, 98171.01, 0.01, 1, 98171.01, 99451, 1279.99, 1000000000000000, -1,TimeOut
 276, 0, 98171, 98171, 98171.01, 0.01, 1, 98171.01, 99451, 1279.99, 1000000000000000, -1,TimeOut
 275, 0, 98171, 98171, 98171.01, 0.01, 1, 98171.01, 99451, 1279.99, 1000000000000000, -1,TimeOut
 284, 0, 99743, 99743, 99743.01, 0.01, 1, 99743.01, 101049, 1305.99, 1000000000000000, -1,TimeOut
 283, 0, 99743, 99743, 99743.01, 0.01, 1, 99743.01, 101049, 1305.99, 1000000000000000, -1,TimeOut
 282, 0, 99743, 99743, 99743.01, 0.01, 1, 99743.01, 101049, 1305.99, 1000000000000000, -1,TimeOut
 281, 0, 99743, 99743, 99743.01, 0.01, 1, 99743.01, 101049, 1305.99, 1000000000000000, -1,TimeOut
 286, 0, 101049, 101049, 101049.01, 0.01, 1, 101049.01, 102145, 1095.99, 1000000000000000, -1,TimeOut
 285, 0, 101049, 101049, 101049.01, 0.01, 1, 101049.01, 102145, 1095.99, 1000000000000000, -1,TimeOut
 288, 0, 101049, 101049, 101049.01, 0.01, 1, 101049.01, 102145, 1095.99, 1000000000000000, -1,TimeOut
 287, 0, 101049, 101049, 101049.01, 0.01, 1, 101049.01, 102145, 1095.99, 1000000000000000, -1,TimeOut
 289, 0, 101049, 101049, 101049.01, 0.01, 1, 101049.01, 102145, 1095.99, 1000000000000000, -1,TimeOut
 290, 0, 101049, 101049, 101049.01, 0.01, 1, 101049.01, 102145, 1095.99, 1000000000000000, -1,TimeOut
 293, 0, 102697, 102697, 102697.01, 0.01, 1, 102697.01, 103100, 402.99, 1000000000000000, -1,TimeOut
 294, 0, 102697, 102697, 102697.01, 0.01, 1, 102697.01, 103100, 402.99, 1000000000000000, -1,TimeOut
 292, 0, 102697, 102697, 102697.01, 0.01, 1, 102697.01, 103100, 402.99, 1000000000000000, -1,TimeOut
 291, 0, 102697, 102697, 102697.01, 0.01, 1, 102697.01, 103100, 402.99, 1000000000000000, -1,TimeOut
 300, 0, 103100, 103100, 103100.01, 0.01, 1, 103100.01, 103720, 619.99, 1000000000000000, -1,TimeOut
 296, 0, 103100, 103100, 103100.01, 0.01, 1, 103100.01, 103720, 619.99, 1000000000000000, -1,TimeOut
 295, 0, 103100, 103100, 103100.01, 0.01, 1, 103100.01, 103720, 619.99, 1000000000000000, -1,TimeOut
 299, 0, 103100, 103100, 103100.01, 0.01, 1, 103100.01, 103720, 619.99, 1000000000000000, -1,TimeOut
 298, 0, 103100, 103100, 103100.01, 0.01, 1, 103100.01, 103720, 619.99, 1000000000000000, -1,TimeOut
 297, 0, 103100, 103100, 103100.01, 0.01, 1, 103100.01, 103720, 619.99, 1000000000000000, -1,TimeOut
 304, 0, 103720, 103720, 103720.01, 0.01, 1, 103720.01, 104387, 666.99, 1000000000000000, -1,TimeOut
 303, 0, 103720, 103720, 103720.01, 0.01, 1, 103720.01, 104387, 666.99, 1000000000000000, -1,TimeOut
 302, 0, 103720, 103720, 103720.01, 0.01, 1, 103720.01, 104387, 666.99, 1000000000000000, -1,TimeOut
 301, 0, 103720, 103720, 103720.01, 0.01, 1, 103720.01, 104387, 666.99, 1000000000000000, -1,TimeOut
 306, 0, 104967, 104967, 104967.01, 0.01, 1, 104967.01, 106276, 1308.99, 1000000000000000, -1,TimeOut
 305, 0, 104967, 104967, 104967.01, 0.01, 1, 104967.01, 106276, 1308.99, 1000000000000000, -1,TimeOut
 307, 0, 106276, 106276, 106276.01, 0.01, 1, 106276.01, 107208, 931.99, 1000000000000000, -1,TimeOut
 312, 0, 106276, 106276, 106276.01, 0.01, 1, 106276.01, 107208, 931.99, 1000000000000000, -1,TimeOut
 308, 0, 106276, 106276, 106276.01, 0.01, 1, 106276.01, 107208, 931.99, 1000000000000000, -1,TimeOut
 310, 0, 106276, 106276, 106276.01, 0.01, 1, 106276.01, 107208, 931.99, 1000000000000000, -1,TimeOut
 309, 0, 106276, 106276, 106276.01, 0.01, 1, 106276.01, 107208, 931.99, 1000000000000000, -1,TimeOut
 311, 0, 106276, 106276, 106276.01, 0.01, 1, 106276.01, 107208, 931.99, 1000000000000000, -1,TimeOut
 314, 0, 107208, 107208, 107208.01, 0.01, 1, 107208.01, 107403, 194.99, 1000000000000000, -1,TimeOut
 313, 0, 107208, 107208, 107208.01, 0.01, 1, 107208.01, 107403, 194.99, 1000000000000000, -1,TimeOut
 316, 0, 107208, 107208, 107208.01, 0.01, 1, 107208.01, 107403, 194.99, 1000000000000000, -1,TimeOut
 318, 0, 107208, 107208, 107208.01, 0.01, 1, 107208.01, 107403, 194.99, 1000000000000000, -1,TimeOut
 315, 0, 107208, 107208, 107208.01, 0.01, 1, 107208.01, 107403, 194.99, 1000000000000000, -1,TimeOut
 317, 0, 107208, 107208, 107208.01, 0.01, 1, 107208.01, 107403, 194.99, 1000000000000000, -1,TimeOut
 320, 0, 107403, 107403, 107403.01, 0.01, 1, 107403.01, 107469, 65.99, 1000000000000000, -1,TimeOut
 319, 0, 107403, 107403, 107403.01, 0.01, 1, 107403.01, 107469, 65.99, 1000000000000000, -1,TimeOut
 321, 0, 107469, 107469, 107469.01, 0.01, 1, 107469.01, 107982, 512.99, 1000000000000000, -1,TimeOut
 322, 0, 107469, 107469, 107469.01, 0.01, 1, 107469.01, 107982, 512.99, 1000000000000000, -1,TimeOut
 324, 0, 107469, 107469, 107469.01, 0.01, 1, 107469.01, 107982, 512.99, 1000000000000000, -1,TimeOut
 323, 0, 107469, 107469, 107469.01, 0.01, 1, 107469.01, 107982, 512.99, 1000000000000000, -1,TimeOut
 328, 0, 107982, 107982, 107982.01, 0.01, 1, 107982.01, 108718, 735.99, 1000000000000000, -1,TimeOut
 327, 0, 107982, 107982, 107982.01, 0.01, 1, 107982.01, 108718, 735.99, 1000000000000000, -1,TimeOut
 326, 0, 107982, 107982, 107982.01, 0.01, 1, 107982.01, 108718, 735.99, 1000000000000000, -1,TimeOut
 325, 0, 107982, 107982, 107982.01, 0.01, 1, 107982.01, 108718, 735.99, 1000000000000000, -1,TimeOut
 330, 0, 112940, 112940, 112940.01, 0.01, 1, 112940.01, 113214, 273.99, 1000000000000000, -1,TimeOut
 329, 0, 112940, 112940, 112940.01, 0.01, 1, 112940.01, 113214, 273.99, 1000000000000000, -1,TimeOut
 332, 0, 112940, 112940, 112940.01, 0.01, 1, 112940.01, 113214, 273.99, 1000000000000000, -1,TimeOut
 331, 0, 112940, 112940, 112940.01, 0.01, 1, 112940.01, 113214, 273.99, 1000000000000000, -1,TimeOut
 337, 0, 113455, 113455, 113455.01, 0.01, 1, 113455.01, 115054, 1598.99, 1000000000000000, -1,TimeOut
 338, 0, 113455, 113455, 113455.01, 0.01, 1, 113455.01, 115054, 1598.99, 1000000000000000, -1,TimeOut
 334, 0, 113455, 113455, 113455.01, 0.01, 1, 113455.01, 115054, 1598.99, 1000000000000000, -1,TimeOut
 336, 0, 113455, 113455, 113455.01, 0.01, 1, 113455.01, 115054, 1598.99, 1000000000000000, -1,TimeOut
 335, 0, 113455, 113455, 113455.01, 0.01, 1, 113455.01, 115054, 1598.99, 1000000000000000, -1,TimeOut
 333, 0, 113455, 113455, 113455.01, 0.01, 1, 113455.01, 115054, 1598.99, 1000000000000000, -1,TimeOut
 340, 0, 116081, 116081, 116081.01, 0.01, 1, 116081.01, 117040, 958.99, 1000000000000000, -1,TimeOut
 339, 0, 116081, 116081, 116081.01, 0.01, 1, 116081.01, 117040, 958.99, 1000000000000000, -1,TimeOut
 346, 0, 117715, 117715, 117715.01, 0.01, 1, 117715.01, 117788, 72.99, 1000000000000000, -1,TimeOut
 344, 0, 117715, 117715, 117715.01, 0.01, 1, 117715.01, 117788, 72.99, 1000000000000000, -1,TimeOut
 343, 0, 117715, 117715, 117715.01, 0.01, 1, 117715.01, 117788, 72.99, 1000000000000000, -1,TimeOut
 345, 0, 117715, 117715, 117715.01, 0.01, 1, 117715.01, 117788, 72.99, 1000000000000000, -1,TimeOut
 342, 0, 117715, 117715, 117715.01, 0.01, 1, 117715.01, 117788, 72.99, 1000000000000000, -1,TimeOut
 341, 0, 117715, 117715, 117715.01, 0.01, 1, 117715.01, 117788, 72.99, 1000000000000000, -1,TimeOut
 348, 0, 119095, 119095, 119095.01, 0.01, 1, 119095.01, 119129, 33.99, 1000000000000000, -1,TimeOut
 347, 0, 119095, 119095, 119095.01, 0.01, 1, 119095.01, 119129, 33.99, 1000000000000000, -1,TimeOut
 350, 0, 119129, 119129, 119129.01, 0.01, 1, 119129.01, 119388, 258.99, 1000000000000000, -1,TimeOut
 349, 0, 119129, 119129, 119129.01, 0.01, 1, 119129.01, 119388, 258.99, 1000000000000000, -1,TimeOut
 354, 0, 120177, 120177, 120177.01, 0.01, 1, 120177.01, 120220, 42.99, 1000000000000000, -1,TimeOut
 353, 0, 120177, 120177, 120177.01, 0.01, 1, 120177.01, 120220, 42.99, 1000000000000000, -1,TimeOut
 355, 0, 120177, 120177, 120177.01, 0.01, 1, 120177.01, 120220, 42.99, 1000000000000000, -1,TimeOut
 356, 0, 120177, 120177, 120177.01, 0.01, 1, 120177.01, 120220, 42.99, 1000000000000000, -1,TimeOut
 352, 0, 120177, 120177, 120177.01, 0.01, 1, 120177.01, 120220, 42.99, 1000000000000000, -1,TimeOut
 351, 0, 120177, 120177, 120177.01, 0.01, 1, 120177.01, 120220, 42.99, 1000000000000000, -1,TimeOut
 358, 0, 120220, 120220, 120220.01, 0.01, 1, 120220.01, 120809, 588.99, 1000000000000000, -1,TimeOut
 357, 0, 120220, 120220, 120220.01, 0.01, 1, 120220.01, 120809, 588.99, 1000000000000000, -1,TimeOut
 359, 0, 120220, 120220, 120220.01, 0.01, 1, 120220.01, 120809, 588.99, 1000000000000000, -1,TimeOut
 361, 0, 120220, 120220, 120220.01, 0.01, 1, 120220.01, 120809, 588.99, 1000000000000000, -1,TimeOut
 360, 0, 120220, 120220, 120220.01, 0.01, 1, 120220.01, 120809, 588.99, 1000000000000000, -1,TimeOut
 362, 0, 120220, 120220, 120220.01, 0.01, 1, 120220.01, 120809, 588.99, 1000000000000000, -1,TimeOut
 367, 0, 120809, 120809, 120809.01, 0.01, 1, 120809.01, 123362, 2552.99, 1000000000000000, -1,TimeOut
 368, 0, 120809, 120809, 120809.01, 0.01, 1, 120809.01, 123362, 2552.99, 1000000000000000, -1,TimeOut
 364, 0, 120809, 120809, 120809.01, 0.01, 1, 120809.01, 123362, 2552.99, 1000000000000000, -1,TimeOut
 365, 0, 120809, 120809, 120809.01, 0.01, 1, 120809.01, 123362, 2552.99, 1000000000000000, -1,TimeOut
 363, 0, 120809, 120809, 120809.01, 0.01, 1, 120809.01, 123362, 2552.99, 1000000000000000, -1,TimeOut
 366, 0, 120809, 120809, 120809.01, 0.01, 1, 120809.01, 123362, 2552.99, 1000000000000000, -1,TimeOut
 370, 0, 123988, 123988, 123988.01, 0.01, 1, 123988.01, 124914, 925.99, 1000000000000000, -1,TimeOut
 369, 0, 123988, 123988, 123988.01, 0.01, 1, 123988.01, 124914, 925.99, 1000000000000000, -1,TimeOut
 373, 0, 131000, 131000, 131000.01, 0.01, 1, 131000.01, 131135, 134.99, 1000000000000000, -1,TimeOut
 374, 0, 131000, 131000, 131000.01, 0.01, 1, 131000.01, 131135, 134.99, 1000000000000000, -1,TimeOut
 372, 0, 131000, 131000, 131000.01, 0.01, 1, 131000.01, 131135, 134.99, 1000000000000000, -1,TimeOut
 371, 0, 131000, 131000, 131000.01, 0.01, 1, 131000.01, 131135, 134.99, 1000000000000000, -1,TimeOut
 376, 0, 135126, 135126, 135126.01, 0.01, 1, 135126.01, 136776, 1649.99, 1000000000000000, -1,TimeOut
 375, 0, 135126, 135126, 135126.01, 0.01, 1, 135126.01, 136776, 1649.99, 1000000000000000, -1,TimeOut
 378, 0, 135126, 135126, 135126.01, 0.01, 1, 135126.01, 136776, 1649.99, 1000000000000000, -1,TimeOut
 377, 0, 135126, 135126, 135126.01, 0.01, 1, 135126.01, 136776, 1649.99, 1000000000000000, -1,TimeOut
 380, 0, 140163, 140163, 140163.01, 0.01, 1, 140163.01, 142781, 2617.99, 1000000000000000, -1,TimeOut
 379, 0, 140163, 140163, 140163.01, 0.01, 1, 140163.01, 142781, 2617.99, 1000000000000000, -1,TimeOut
 383, 0, 143172, 143172, 143172.01, 0.01, 1, 143172.01, 143232, 59.99, 1000000000000000, -1,TimeOut
 384, 0, 143172, 143172, 143172.01, 0.01, 1, 143172.01, 143232, 59.99, 1000000000000000, -1,TimeOut
 382, 0, 143172, 143172, 143172.01, 0.01, 1, 143172.01, 143232, 59.99, 1000000000000000, -1,TimeOut
 381, 0, 143172, 143172, 143172.01, 0.01, 1, 143172.01, 143232, 59.99, 1000000000000000, -1,TimeOut
 386, 0, 143232, 143232, 143232.01, 0.01, 1, 143232.01, 143909, 676.99, 1000000000000000, -1,TimeOut
 385, 0, 143232, 143232, 143232.01, 0.01, 1, 143232.01, 143909, 676.99, 1000000000000000, -1,TimeOut
 388, 0, 143909, 143909, 143909.01, 0.01, 1, 143909.01, 144845, 935.99, 1000000000000000, -1,TimeOut
 390, 0, 143909, 143909, 143909.01, 0.01, 1, 143909.01, 144845, 935.99, 1000000000000000, -1,TimeOut
 389, 0, 143909, 143909, 143909.01, 0.01, 1, 143909.01, 144845, 935.99, 1000000000000000, -1,TimeOut
 387, 0, 143909, 143909, 143909.01, 0.01, 1, 143909.01, 144845, 935.99, 1000000000000000, -1,TimeOut
 391, 0, 144845, 144845, 144845.01, 0.01, 1, 144845.01, 145158, 312.99, 1000000000000000, -1,TimeOut
 392, 0, 144845, 144845, 144845.01, 0.01, 1, 144845.01, 145158, 312.99, 1000000000000000, -1,TimeOut
 394, 0, 144845, 144845, 144845.01, 0.01, 1, 144845.01, 145158, 312.99, 1000000000000000, -1,TimeOut
 393, 0, 144845, 144845, 144845.01, 0.01, 1, 144845.01, 145158, 312.99, 1000000000000000, -1,TimeOut
 395, 0, 144845, 144845, 144845.01, 0.01, 1, 144845.01, 145158, 312.99, 1000000000000000, -1,TimeOut
 396, 0, 144845, 144845, 144845.01, 0.01, 1, 144845.01, 145158, 312.99, 1000000000000000, -1,TimeOut
 398, 0, 149533, 149533, 149533.01, 0.01, 1, 149533.01, 150113, 579.99, 1000000000000000, -1,TimeOut
 397, 0, 149533, 149533, 149533.01, 0.01, 1, 149533.01, 150113, 579.99, 1000000000000000, -1,TimeOut
 401, 0, 149533, 149533, 149533.01, 0.01, 1, 149533.01, 150113, 579.99, 1000000000000000, -1,TimeOut
 399, 0, 149533, 149533, 149533.01, 0.01, 1, 149533.01, 150113, 579.99, 1000000000000000, -1,TimeOut
 400, 0, 149533, 149533, 149533.01, 0.01, 1, 149533.01, 150113, 579.99, 1000000000000000, -1,TimeOut
 403, 0, 150737, 150737, 150737.01, 0.01, 1, 150737.01, 152749, 2011.99, 1000000000000000, -1,TimeOut
 402, 0, 150737, 150737, 150737.01, 0.01, 1, 150737.01, 152749, 2011.99, 1000000000000000, -1,TimeOut
 405, 0, 150737, 150737, 150737.01, 0.01, 1, 150737.01, 152749, 2011.99, 1000000000000000, -1,TimeOut
 407, 0, 150737, 150737, 150737.01, 0.01, 1, 150737.01, 152749, 2011.99, 1000000000000000, -1,TimeOut
 404, 0, 150737, 150737, 150737.01, 0.01, 1, 150737.01, 152749, 2011.99, 1000000000000000, -1,TimeOut
 406, 0, 150737, 150737, 150737.01, 0.01, 1, 150737.01, 152749, 2011.99, 1000000000000000, -1,TimeOut
 411, 0, 152749, 152749, 152749.01, 0.01, 1, 152749.01, 154132, 1382.99, 1000000000000000, -1,TimeOut
 410, 0, 152749, 152749, 152749.01, 0.01, 1, 152749.01, 154132, 1382.99, 1000000000000000, -1,TimeOut
 412, 0, 152749, 152749, 152749.01, 0.01, 1, 152749.01, 154132, 1382.99, 1000000000000000, -1,TimeOut
 413, 0, 152749, 152749, 152749.01, 0.01, 1, 152749.01, 154132, 1382.99, 1000000000000000, -1,TimeOut
 409, 0, 152749, 152749, 152749.01, 0.01, 1, 152749.01, 154132, 1382.99, 1000000000000000, -1,TimeOut
 408, 0, 152749, 152749, 152749.01, 0.01, 1, 152749.01, 154132, 1382.99, 1000000000000000, -1,TimeOut
 417, 0, 154132, 154132, 154132.01, 0.01, 1, 154132.01, 154864, 731.99, 1000000000000000, -1,TimeOut
 416, 0, 154132, 154132, 154132.01, 0.01, 1, 154132.01, 154864, 731.99, 1000000000000000, -1,TimeOut
 415, 0, 154132, 154132, 154132.01, 0.01, 1, 154132.01, 154864, 731.99, 1000000000000000, -1,TimeOut
 419, 0, 154132, 154132, 154132.01, 0.01, 1, 154132.01, 154864, 731.99, 1000000000000000, -1,TimeOut
 414, 0, 154132, 154132, 154132.01, 0.01, 1, 154132.01, 154864, 731.99, 1000000000000000, -1,TimeOut
 418, 0, 154132, 154132, 154132.01, 0.01, 1, 154132.01, 154864, 731.99, 1000000000000000, -1,TimeOut
 420, 0, 154864, 154864, 154864.01, 0.01, 1, 154864.01, 155036, 171.99, 1000000000000000, -1,TimeOut
 423, 0, 154864, 154864, 154864.01, 0.01, 1, 154864.01, 155036, 171.99, 1000000000000000, -1,TimeOut
 422, 0, 154864, 154864, 154864.01, 0.01, 1, 154864.01, 155036, 171.99, 1000000000000000, -1,TimeOut
 421, 0, 154864, 154864, 154864.01, 0.01, 1, 154864.01, 155036, 171.99, 1000000000000000, -1,TimeOut
 427, 0, 157637, 157637, 157637.01, 0.01, 1, 157637.01, 157866, 228.99, 1000000000000000, -1,TimeOut
 426, 0, 157637, 157637, 157637.01, 0.01, 1, 157637.01, 157866, 228.99, 1000000000000000, -1,TimeOut
 425, 0, 157637, 157637, 157637.01, 0.01, 1, 157637.01, 157866, 228.99, 1000000000000000, -1,TimeOut
 424, 0, 157637, 157637, 157637.01, 0.01, 1, 157637.01, 157866, 228.99, 1000000000000000, -1,TimeOut
 428, 0, 157866, 157866, 157866.01, 0.01, 1, 157866.01, 158605, 738.99, 1000000000000000, -1,TimeOut
 429, 0, 157866, 157866, 157866.01, 0.01, 1, 157866.01, 158605, 738.99, 1000000000000000, -1,TimeOut
 431, 0, 162354, 162354, 162354.01, 0.01, 1, 162354.01, 164478, 2123.99, 1000000000000000, -1,TimeOut
 430, 0, 162354, 162354, 162354.01, 0.01, 1, 162354.01, 164478, 2123.99, 1000000000000000, -1,TimeOut
 435, 0, 164478, 164478, 164478.01, 0.01, 1, 164478.01, 165486, 1007.99, 1000000000000000, -1,TimeOut
 434, 0, 164478, 164478, 164478.01, 0.01, 1, 164478.01, 165486, 1007.99, 1000000000000000, -1,TimeOut
 433, 0, 164478, 164478, 164478.01, 0.01, 1, 164478.01, 165486, 1007.99, 1000000000000000, -1,TimeOut
 432, 0, 164478, 164478, 164478.01, 0.01, 1, 164478.01, 165486, 1007.99, 1000000000000000, -1,TimeOut
 437, 0, 164478, 164478, 164478.01, 0.01, 1, 164478.01, 165486, 1007.99, 1000000000000000, -1,TimeOut
 436, 0, 164478, 164478, 164478.01, 0.01, 1, 164478.01, 165486, 1007.99, 1000000000000000, -1,TimeOut
 439, 0, 168529, 168529, 168529.01, 0.01, 1, 168529.01, 169253, 723.99, 1000000000000000, -1,TimeOut
 438, 0, 168529, 168529, 168529.01, 0.01, 1, 168529.01, 169253, 723.99, 1000000000000000, -1,TimeOut
 441, 0, 171661, 171661, 171661.01, 0.01, 1, 171661.01, 172038, 376.99, 1000000000000000, -1,TimeOut
 440, 0, 171661, 171661, 171661.01, 0.01, 1, 171661.01, 172038, 376.99, 1000000000000000, -1,TimeOut
 447, 0, 172038, 172038, 172038.01, 0.01, 1, 172038.01, 173851, 1812.99, 1000000000000000, -1,TimeOut
 443, 0, 172038, 172038, 172038.01, 0.01, 1, 172038.01, 173851, 1812.99, 1000000000000000, -1,TimeOut
 445, 0, 172038, 172038, 172038.01, 0.01, 1, 172038.01, 173851, 1812.99, 1000000000000000, -1,TimeOut
 444, 0, 172038, 172038, 172038.01, 0.01, 1, 172038.01, 173851, 1812.99, 1000000000000000, -1,TimeOut
 442, 0, 172038, 172038, 172038.01, 0.01, 1, 172038.01, 173851, 1812.99, 1000000000000000, -1,TimeOut
 446, 0, 172038, 172038, 172038.01, 0.01, 1, 172038.01, 173851, 1812.99, 1000000000000000, -1,TimeOut
 452, 0, 173851, 173851, 173851.01, 0.01, 1, 173851.01, 173964, 112.99, 1000000000000000, -1,TimeOut
 453, 0, 173851, 173851, 173851.01, 0.01, 1, 173851.01, 173964, 112.99, 1000000000000000, -1,TimeOut
 449, 0, 173851, 173851, 173851.01, 0.01, 1, 173851.01, 173964, 112.99, 1000000000000000, -1,TimeOut
 448, 0, 173851, 173851, 173851.01, 0.01, 1, 173851.01, 173964, 112.99, 1000000000000000, -1,TimeOut
 450, 0, 173851, 173851, 173851.01, 0.01, 1, 173851.01, 173964, 112.99, 1000000000000000, -1,TimeOut
 451, 0, 173851, 173851, 173851.01, 0.01, 1, 173851.01, 173964, 112.99, 1000000000000000, -1,TimeOut
 457, 0, 173964, 173964, 173964.01, 0.01, 1, 173964.01, 174643, 678.99, 1000000000000000, -1,TimeOut
 456, 0, 173964, 173964, 173964.01, 0.01, 1, 173964.01, 174643, 678.99, 1000000000000000, -1,TimeOut
 455, 0, 173964, 173964, 173964.01, 0.01, 1, 173964.01, 174643, 678.99, 1000000000000000, -1,TimeOut
 454, 0, 173964, 173964, 173964.01, 0.01, 1, 173964.01, 174643, 678.99, 1000000000000000, -1,TimeOut
 461, 0, 174738, 174738, 174738.01, 0.01, 1, 174738.01, 175927, 1188.99, 1000000000000000, -1,TimeOut
 460, 0, 174738, 174738, 174738.01, 0.01, 1, 174738.01, 175927, 1188.99, 1000000000000000, -1,TimeOut
 459, 0, 174738, 174738, 174738.01, 0.01, 1, 174738.01, 175927, 1188.99, 1000000000000000, -1,TimeOut
 458, 0, 174738, 174738, 174738.01, 0.01, 1, 174738.01, 175927, 1188.99, 1000000000000000, -1,TimeOut
 464, 0, 175927, 175927, 175927.01, 0.01, 1, 175927.01, 176630, 702.99, 1000000000000000, -1,TimeOut
 466, 0, 175927, 175927, 175927.01, 0.01, 1, 175927.01, 176630, 702.99, 1000000000000000, -1,TimeOut
 467, 0, 175927, 175927, 175927.01, 0.01, 1, 175927.01, 176630, 702.99, 1000000000000000, -1,TimeOut
 465, 0, 175927, 175927, 175927.01, 0.01, 1, 175927.01, 176630, 702.99, 1000000000000000, -1,TimeOut
 463, 0, 175927, 175927, 175927.01, 0.01, 1, 175927.01, 176630, 702.99, 1000000000000000, -1,TimeOut
 462, 0, 175927, 175927, 175927.01, 0.01, 1, 175927.01, 176630, 702.99, 1000000000000000, -1,TimeOut
 469, 0, 176630, 176630, 176630.01, 0.01, 1, 176630.01, 177529, 898.99, 1000000000000000, -1,TimeOut
 468, 0, 176630, 176630, 176630.01, 0.01, 1, 176630.01, 177529, 898.99, 1000000000000000, -1,TimeOut
 472, 0, 176630, 176630, 176630.01, 0.01, 1, 176630.01, 177529, 898.99, 1000000000000000, -1,TimeOut
 471, 0, 176630, 176630, 176630.01, 0.01, 1, 176630.01, 177529, 898.99, 1000000000000000, -1,TimeOut
 470, 0, 176630, 176630, 176630.01, 0.01, 1, 176630.01, 177529, 898.99, 1000000000000000, -1,TimeOut
 473, 0, 176630, 176630, 176630.01, 0.01, 1, 176630.01, 177529, 898.99, 1000000000000000, -1,TimeOut
 475, 0, 177860, 177860, 177860.01, 0.01, 1, 177860.01, 177972, 111.99, 1000000000000000, -1,TimeOut
 474, 0, 177860, 177860, 177860.01, 0.01, 1, 177860.01, 177972, 111.99, 1000000000000000, -1,TimeOut
 477, 0, 178015, 178015, 178015.01, 0.01, 1, 178015.01, 178397, 381.99, 1000000000000000, -1,TimeOut
 476, 0, 178015, 178015, 178015.01, 0.01, 1, 178015.01, 178397, 381.99, 1000000000000000, -1,TimeOut
 478, 0, 178397, 178397, 178397.01, 0.01, 1, 178397.01, 179622, 1224.99, 1000000000000000, -1,TimeOut
 479, 0, 178397, 178397, 178397.01, 0.01, 1, 178397.01, 179622, 1224.99, 1000000000000000, -1,TimeOut
 483, 0, 179622, 179622, 179622.01, 0.01, 1, 179622.01, 180120, 497.99, 1000000000000000, -1,TimeOut
 482, 0, 179622, 179622, 179622.01, 0.01, 1, 179622.01, 180120, 497.99, 1000000000000000, -1,TimeOut
 481, 0, 179622, 179622, 179622.01, 0.01, 1, 179622.01, 180120, 497.99, 1000000000000000, -1,TimeOut
 480, 0, 179622, 179622, 179622.01, 0.01, 1, 179622.01, 180120, 497.99, 1000000000000000, -1,TimeOut
 484, 0, 179622, 179622, 179622.01, 0.01, 1, 179622.01, 180120, 497.99, 1000000000000000, -1,TimeOut
 485, 0, 179622, 179622, 179622.01, 0.01, 1, 179622.01, 180120, 497.99, 1000000000000000, -1,TimeOut
 491, 0, 180120, 180120, 180120.01, 0.01, 1, 180120.01, 181079, 958.99, 1000000000000000, -1,TimeOut
 489, 0, 180120, 180120, 180120.01, 0.01, 1, 180120.01, 181079, 958.99, 1000000000000000, -1,TimeOut
 488, 0, 180120, 180120, 180120.01, 0.01, 1, 180120.01, 181079, 958.99, 1000000000000000, -1,TimeOut
 490, 0, 180120, 180120, 180120.01, 0.01, 1, 180120.01, 181079, 958.99, 1000000000000000, -1,TimeOut
 487, 0, 180120, 180120, 180120.01, 0.01, 1, 180120.01, 181079, 958.99, 1000000000000000, -1,TimeOut
 486, 0, 180120, 180120, 180120.01, 0.01, 1, 180120.01, 181079, 958.99, 1000000000000000, -1,TimeOut
 497, 0, 181079, 181079, 181079.01, 0.01, 1, 181079.01, 182411, 1331.99, 1000000000000000, -1,TimeOut
 495, 0, 181079, 181079, 181079.01, 0.01, 1, 181079.01, 182411, 1331.99, 1000000000000000, -1,TimeOut
 493, 0, 181079, 181079, 181079.01, 0.01, 1, 181079.01, 182411, 1331.99, 1000000000000000, -1,TimeOut
 492, 0, 181079, 181079, 181079.01, 0.01, 1, 181079.01, 182411, 1331.99, 1000000000000000, -1,TimeOut
 494, 0, 181079, 181079, 181079.01, 0.01, 1, 181079.01, 182411, 1331.99, 1000000000000000, -1,TimeOut
 496, 0, 181079, 181079, 181079.01, 0.01, 1, 181079.01, 182411, 1331.99, 1000000000000000, -1,TimeOut
 499, 0, 185780, 185780, 185780.01, 0.01, 1, 185780.01, 187436, 1655.99, 1000000000000000, -1,TimeOut
 498, 0, 185780, 185780, 185780.01, 0.01, 1, 185780.01, 187436, 1655.99, 1000000000000000, -1,TimeOut
 501, 0, 190318, 190318, 190318.01, 0.01, 1, 190318.01, 190702, 383.99, 1000000000000000, -1,TimeOut
 503, 0, 190318, 190318, 190318.01, 0.01, 1, 190318.01, 190702, 383.99, 1000000000000000, -1,TimeOut
 502, 0, 190318, 190318, 190318.01, 0.01, 1, 190318.01, 190702, 383.99, 1000000000000000, -1,TimeOut
 500, 0, 190318, 190318, 190318.01, 0.01, 1, 190318.01, 190702, 383.99, 1000000000000000, -1,TimeOut
 505, 0, 192681, 192681, 192681.01, 0.01, 1, 192681.01, 193561, 879.99, 1000000000000000, -1,TimeOut
 507, 0, 192681, 192681, 192681.01, 0.01, 1, 192681.01, 193561, 879.99, 1000000000000000, -1,TimeOut
 506, 0, 192681, 192681, 192681.01, 0.01, 1, 192681.01, 193561, 879.99, 1000000000000000, -1,TimeOut
 504, 0, 192681, 192681, 192681.01, 0.01, 1, 192681.01, 193561, 879.99, 1000000000000000, -1,TimeOut
 511, 0, 193561, 193561, 193561.01, 0.01, 1, 193561.01, 194080, 518.99, 1000000000000000, -1,TimeOut
 510, 0, 193561, 193561, 193561.01, 0.01, 1, 193561.01, 194080, 518.99, 1000000000000000, -1,TimeOut
 513, 0, 193561, 193561, 193561.01, 0.01, 1, 193561.01, 194080, 518.99, 1000000000000000, -1,TimeOut
 508, 0, 193561, 193561, 193561.01, 0.01, 1, 193561.01, 194080, 518.99, 1000000000000000, -1,TimeOut
 509, 0, 193561, 193561, 193561.01, 0.01, 1, 193561.01, 194080, 518.99, 1000000000000000, -1,TimeOut
 512, 0, 193561, 193561, 193561.01, 0.01, 1, 193561.01, 194080, 518.99, 1000000000000000, -1,TimeOut
 515, 0, 194080, 194080, 194080.01, 0.01, 1, 194080.01, 195971, 1890.99, 1000000000000000, -1,TimeOut
 514, 0, 194080, 194080, 194080.01, 0.01, 1, 194080.01, 195971, 1890.99, 1000000000000000, -1,TimeOut
 517, 0, 197521, 197521, 197521.01, 0.01, 1, 197521.01, 197740, 218.99, 1000000000000000, -1,TimeOut
 516, 0, 197521, 197521, 197521.01, 0.01, 1, 197521.01, 197740, 218.99, 1000000000000000, -1,TimeOut
 521, 0, 204417, 204417, 204417.01, 0.01, 1, 204417.01, 204920, 502.99, 1000000000000000, -1,TimeOut
 520, 0, 204417, 204417, 204417.01, 0.01, 1, 204417.01, 204920, 502.99, 1000000000000000, -1,TimeOut
 523, 0, 204417, 204417, 204417.01, 0.01, 1, 204417.01, 204920, 502.99, 1000000000000000, -1,TimeOut
 522, 0, 204417, 204417, 204417.01, 0.01, 1, 204417.01, 204920, 502.99, 1000000000000000, -1,TimeOut
 518, 0, 204417, 204417, 204417.01, 0.01, 1, 204417.01, 204920, 502.99, 1000000000000000, -1,TimeOut
 519, 0, 204417, 204417, 204417.01, 0.01, 1, 204417.01, 204920, 502.99, 1000000000000000, -1,TimeOut
 525, 0, 209432, 209432, 209432.01, 0.01, 1, 209432.01, 210330, 897.99, 1000000000000000, -1,TimeOut
 524, 0, 209432, 209432, 209432.01, 0.01, 1, 209432.01, 210330, 897.99, 1000000000000000, -1,TimeOut
 529, 0, 209432, 209432, 209432.01, 0.01, 1, 209432.01, 210330, 897.99, 1000000000000000, -1,TimeOut
 527, 0, 209432, 209432, 209432.01, 0.01, 1, 209432.01, 210330, 897.99, 1000000000000000, -1,TimeOut
 526, 0, 209432, 209432, 209432.01, 0.01, 1, 209432.01, 210330, 897.99, 1000000000000000, -1,TimeOut
 528, 0, 209432, 209432, 209432.01, 0.01, 1, 209432.01, 210330, 897.99, 1000000000000000, -1,TimeOut
 532, 0, 211041, 211041, 211041.01, 0.01, 1, 211041.01, 211102, 60.99, 1000000000000000, -1,TimeOut
 534, 0, 211041, 211041, 211041.01, 0.01, 1, 211041.01, 211102, 60.99, 1000000000000000, -1,TimeOut
 535, 0, 211041, 211041, 211041.01, 0.01, 1, 211041.01, 211102, 60.99, 1000000000000000, -1,TimeOut
 531, 0, 211041, 211041, 211041.01, 0.01, 1, 211041.01, 211102, 60.99, 1000000000000000, -1,TimeOut
 533, 0, 211041, 211041, 211041.01, 0.01, 1, 211041.01, 211102, 60.99, 1000000000000000, -1,TimeOut
 530, 0, 211041, 211041, 211041.01, 0.01, 1, 211041.01, 211102, 60.99, 1000000000000000, -1,TimeOut
 537, 0, 211102, 211102, 211102.01, 0.01, 1, 211102.01, 212475, 1372.99, 1000000000000000, -1,TimeOut
 536, 0, 211102, 211102, 211102.01, 0.01, 1, 211102.01, 212475, 1372.99, 1000000000000000, -1,TimeOut
 539, 0, 212475, 212475, 212475.01, 0.01, 1, 212475.01, 212631, 155.99, 1000000000000000, -1,TimeOut
 540, 0, 212475, 212475, 212475.01, 0.01, 1, 212475.01, 212631, 155.99, 1000000000000000, -1,TimeOut
 538, 0, 212475, 212475, 212475.01, 0.01, 1, 212475.01, 212631, 155.99, 1000000000000000, -1,TimeOut
 542, 0, 212475, 212475, 212475.01, 0.01, 1, 212475.01, 212631, 155.99, 1000000000000000, -1,TimeOut
 541, 0, 212475, 212475, 212475.01, 0.01, 1, 212475.01, 212631, 155.99, 1000000000000000, -1,TimeOut
 543, 0, 212475, 212475, 212475.01, 0.01, 1, 212475.01, 212631, 155.99, 1000000000000000, -1,TimeOut
 545, 0, 213110, 213110, 213110.01, 0.01, 1, 213110.01, 213480, 369.99, 1000000000000000, -1,TimeOut
 544, 0, 213110, 213110, 213110.01, 0.01, 1, 213110.01, 213480, 369.99, 1000000000000000, -1,TimeOut
 548, 0, 213110, 213110, 213110.01, 0.01, 1, 213110.01, 213480, 369.99, 1000000000000000, -1,TimeOut
 547, 0, 213110, 213110, 213110.01, 0.01, 1, 213110.01, 213480, 369.99, 1000000000000000, -1,TimeOut
 549, 0, 213110, 213110, 213110.01, 0.01, 1, 213110.01, 213480, 369.99, 1000000000000000, -1,TimeOut
 546, 0, 213110, 213110, 213110.01, 0.01, 1, 213110.01, 213480, 369.99, 1000000000000000, -1,TimeOut
 553, 0, 213618, 213618, 213618.01, 0.01, 1, 213618.01, 215325, 1706.99, 1000000000000000, -1,TimeOut
 552, 0, 213618, 213618, 213618.01, 0.01, 1, 213618.01, 215325, 1706.99, 1000000000000000, -1,TimeOut
 551, 0, 213618, 213618, 213618.01, 0.01, 1, 213618.01, 215325, 1706.99, 1000000000000000, -1,TimeOut
 550, 0, 213618, 213618, 213618.01, 0.01, 1, 213618.01, 215325, 1706.99, 1000000000000000, -1,TimeOut
 555, 0, 213618, 213618, 213618.01, 0.01, 1, 213618.01, 215325, 1706.99, 1000000000000000, -1,TimeOut
 554, 0, 213618, 213618, 213618.01, 0.01, 1, 213618.01, 215325, 1706.99, 1000000000000000, -1,TimeOut
 561, 0, 215325, 215325, 215325.01, 0.01, 1, 215325.01, 215479, 153.99, 1000000000000000, -1,TimeOut
 560, 0, 215325, 215325, 215325.01, 0.01, 1, 215325.01, 215479, 153.99, 1000000000000000, -1,TimeOut
 559, 0, 215325, 215325, 215325.01, 0.01, 1, 215325.01, 215479, 153.99, 1000000000000000, -1,TimeOut
 557, 0, 215325, 215325, 215325.01, 0.01, 1, 215325.01, 215479, 153.99, 1000000000000000, -1,TimeOut
 558, 0, 215325, 215325, 215325.01, 0.01, 1, 215325.01, 215479, 153.99, 1000000000000000, -1,TimeOut
 556, 0, 215325, 215325, 215325.01, 0.01, 1, 215325.01, 215479, 153.99, 1000000000000000, -1,TimeOut
 562, 0, 215479, 215479, 215479.01, 0.01, 1, 215479.01, 216059, 579.99, 1000000000000000, -1,TimeOut
 563, 0, 215479, 215479, 215479.01, 0.01, 1, 215479.01, 216059, 579.99, 1000000000000000, -1,TimeOut
 565, 0, 215479, 215479, 215479.01, 0.01, 1, 215479.01, 216059, 579.99, 1000000000000000, -1,TimeOut
 564, 0, 215479, 215479, 215479.01, 0.01, 1, 215479.01, 216059, 579.99, 1000000000000000, -1,TimeOut
 566, 0, 215479, 215479, 215479.01, 0.01, 1, 215479.01, 216059, 579.99, 1000000000000000, -1,TimeOut
 567, 0, 215479, 215479, 215479.01, 0.01, 1, 215479.01, 216059, 579.99, 1000000000000000, -1,TimeOut
 569, 0, 216755, 216755, 216755.01, 0.01, 1, 216755.01, 218523, 1767.99, 1000000000000000, -1,TimeOut
 568, 0, 216755, 216755, 216755.01, 0.01, 1, 216755.01, 218523, 1767.99, 1000000000000000, -1,TimeOut
 573, 0, 218523, 218523, 218523.01, 0.01, 1, 218523.01, 220806, 2282.99, 1000000000000000, -1,TimeOut
 572, 0, 218523, 218523, 218523.01, 0.01, 1, 218523.01, 220806, 2282.99, 1000000000000000, -1,TimeOut
 575, 0, 218523, 218523, 218523.01, 0.01, 1, 218523.01, 220806, 2282.99, 1000000000000000, -1,TimeOut
 571, 0, 218523, 218523, 218523.01, 0.01, 1, 218523.01, 220806, 2282.99, 1000000000000000, -1,TimeOut
 570, 0, 218523, 218523, 218523.01, 0.01, 1, 218523.01, 220806, 2282.99, 1000000000000000, -1,TimeOut
 574, 0, 218523, 218523, 218523.01, 0.01, 1, 218523.01, 220806, 2282.99, 1000000000000000, -1,TimeOut
 576, 0, 222500, 222500, 222500.01, 0.01, 1, 222500.01, 222840, 339.99, 1000000000000000, -1,TimeOut
 577, 0, 222500, 222500, 222500.01, 0.01, 1, 222500.01, 222840, 339.99, 1000000000000000, -1,TimeOut
 581, 0, 222500, 222500, 222500.01, 0.01, 1, 222500.01, 222840, 339.99, 1000000000000000, -1,TimeOut
 579, 0, 222500, 222500, 222500.01, 0.01, 1, 222500.01, 222840, 339.99, 1000000000000000, -1,TimeOut
 578, 0, 222500, 222500, 222500.01, 0.01, 1, 222500.01, 222840, 339.99, 1000000000000000, -1,TimeOut
 580, 0, 222500, 222500, 222500.01, 0.01, 1, 222500.01, 222840, 339.99, 1000000000000000, -1,TimeOut
 583, 0, 222916, 222916, 222916.01, 0.01, 1, 222916.01, 223740, 823.99, 1000000000000000, -1,TimeOut
 582, 0, 222916, 222916, 222916.01, 0.01, 1, 222916.01, 223740, 823.99, 1000000000000000, -1,TimeOut
 586, 0, 222916, 222916, 222916.01, 0.01, 1, 222916.01, 223740, 823.99, 1000000000000000, -1,TimeOut
 587, 0, 222916, 222916, 222916.01, 0.01, 1, 222916.01, 223740, 823.99, 1000000000000000, -1,TimeOut
 585, 0, 222916, 222916, 222916.01, 0.01, 1, 222916.01, 223740, 823.99, 1000000000000000, -1,TimeOut
 584, 0, 222916, 222916, 222916.01, 0.01, 1, 222916.01, 223740, 823.99, 1000000000000000, -1,TimeOut
 589, 0, 223740, 223740, 223740.01, 0.01, 1, 223740.01, 225192, 1451.99, 1000000000000000, -1,TimeOut
 588, 0, 223740, 223740, 223740.01, 0.01, 1, 223740.01, 225192, 1451.99, 1000000000000000, -1,TimeOut
 590, 0, 225192, 225192, 225192.01, 0.01, 1, 225192.01, 228025, 2832.99, 1000000000000000, -1,TimeOut
 593, 0, 225192, 225192, 225192.01, 0.01, 1, 225192.01, 228025, 2832.99, 1000000000000000, -1,TimeOut
 591, 0, 225192, 225192, 225192.01, 0.01, 1, 225192.01, 228025, 2832.99, 1000000000000000, -1,TimeOut
 592, 0, 225192, 225192, 225192.01, 0.01, 1, 225192.01, 228025, 2832.99, 1000000000000000, -1,TimeOut
 595, 0, 228025, 228025, 228025.01, 0.01, 1, 228025.01, 228247, 221.99, 1000000000000000, -1,TimeOut
 594, 0, 228025, 228025, 228025.01, 0.01, 1, 228025.01, 228247, 221.99, 1000000000000000, -1,TimeOut
 598, 0, 228025, 228025, 228025.01, 0.01, 1, 228025.01, 228247, 221.99, 1000000000000000, -1,TimeOut
 599, 0, 228025, 228025, 228025.01, 0.01, 1, 228025.01, 228247, 221.99, 1000000000000000, -1,TimeOut
 596, 0, 228025, 228025, 228025.01, 0.01, 1, 228025.01, 228247, 221.99, 1000000000000000, -1,TimeOut
 597, 0, 228025, 228025, 228025.01, 0.01, 1, 228025.01, 228247, 221.99, 1000000000000000, -1,TimeOut
 600, 0, 228247, 228247, 228247.01, 0.01, 1, 228247.01, 228401, 153.99, 1000000000000000, -1,TimeOut
 602, 0, 230524, 230524, 230524.01, 0.01, 1, 230524.01, 232948, 2423.99, 1000000000000000, -1,TimeOut
 601, 0, 230524, 230524, 230524.01, 0.01, 1, 230524.01, 232948, 2423.99, 1000000000000000, -1,TimeOut
 603, 0, 230524, 230524, 230524.01, 0.01, 1, 230524.01, 232948, 2423.99, 1000000000000000, -1,TimeOut
 605, 0, 230524, 230524, 230524.01, 0.01, 1, 230524.01, 232948, 2423.99, 1000000000000000, -1,TimeOut
 606, 0, 230524, 230524, 230524.01, 0.01, 1, 230524.01, 232948, 2423.99, 1000000000000000, -1,TimeOut
 604, 0, 230524, 230524, 230524.01, 0.01, 1, 230524.01, 232948, 2423.99, 1000000000000000, -1,TimeOut
 610, 0, 233547, 233547, 233547.01, 0.01, 1, 233547.01, 235614, 2066.99, 1000000000000000, -1,TimeOut
 609, 0, 233547, 233547, 233547.01, 0.01, 1, 233547.01, 235614, 2066.99, 1000000000000000, -1,TimeOut
 608, 0, 233547, 233547, 233547.01, 0.01, 1, 233547.01, 235614, 2066.99, 1000000000000000, -1,TimeOut
 607, 0, 233547, 233547, 233547.01, 0.01, 1, 233547.01, 235614, 2066.99, 1000000000000000, -1,TimeOut
 614, 0, 235614, 235614, 235614.01, 0.01, 1, 235614.01, 236446, 831.99, 1000000000000000, -1,TimeOut
 613, 0, 235614, 235614, 235614.01, 0.01, 1, 235614.01, 236446, 831.99, 1000000000000000, -1,TimeOut
 616, 0, 235614, 235614, 235614.01, 0.01, 1, 235614.01, 236446, 831.99, 1000000000000000, -1,TimeOut
 612, 0, 235614, 235614, 235614.01, 0.01, 1, 235614.01, 236446, 831.99, 1000000000000000, -1,TimeOut
 611, 0, 235614, 235614, 235614.01, 0.01, 1, 235614.01, 236446, 831.99, 1000000000000000, -1,TimeOut
 615, 0, 235614, 235614, 235614.01, 0.01, 1, 235614.01, 236446, 831.99, 1000000000000000, -1,TimeOut
 619, 0, 236446, 236446, 236446.01, 0.01, 1, 236446.01, 236686, 239.99, 1000000000000000, -1,TimeOut
 617, 0, 236446, 236446, 236446.01, 0.01, 1, 236446.01, 236686, 239.99, 1000000000000000, -1,TimeOut
 620, 0, 236446, 236446, 236446.01, 0.01, 1, 236446.01, 236686, 239.99, 1000000000000000, -1,TimeOut
 618, 0, 236446, 236446, 236446.01, 0.01, 1, 236446.01, 236686, 239.99, 1000000000000000, -1,TimeOut
 624, 0, 236686, 236686, 236686.01, 0.01, 1, 236686.01, 236914, 227.99, 1000000000000000, -1,TimeOut
 623, 0, 236686, 236686, 236686.01, 0.01, 1, 236686.01, 236914, 227.99, 1000000000000000, -1,TimeOut
 622, 0, 236686, 236686, 236686.01, 0.01, 1, 236686.01, 236914, 227.99, 1000000000000000, -1,TimeOut
 621, 0, 236686, 236686, 236686.01, 0.01, 1, 236686.01, 236914, 227.99, 1000000000000000, -1,TimeOut
 626, 0, 237554, 237554, 237554.01, 0.01, 1, 237554.01, 237624, 69.99, 1000000000000000, -1,TimeOut
 625, 0, 237554, 237554, 237554.01, 0.01, 1, 237554.01, 237624, 69.99, 1000000000000000, -1,TimeOut
 627, 0, 237554, 237554, 237554.01, 0.01, 1, 237554.01, 237624, 69.99, 1000000000000000, -1,TimeOut
 628, 0, 237554, 237554, 237554.01, 0.01, 1, 237554.01, 237624, 69.99, 1000000000000000, -1,TimeOut
 632, 0, 237676, 237676, 237676.01, 0.01, 1, 237676.01, 240603, 2926.99, 1000000000000000, -1,TimeOut
 634, 0, 237676, 237676, 237676.01, 0.01, 1, 237676.01, 240603, 2926.99, 1000000000000000, -1,TimeOut
 631, 0, 237676, 237676, 237676.01, 0.01, 1, 237676.01, 240603, 2926.99, 1000000000000000, -1,TimeOut
 630, 0, 237676, 237676, 237676.01, 0.01, 1, 237676.01, 240603, 2926.99, 1000000000000000, -1,TimeOut
 629, 0, 237676, 237676, 237676.01, 0.01, 1, 237676.01, 240603, 2926.99, 1000000000000000, -1,TimeOut
 633, 0, 237676, 237676, 237676.01, 0.01, 1, 237676.01, 240603, 2926.99, 1000000000000000, -1,TimeOut
#======================================
#Number of workloads:0
#Timeout workloads:635
#Timeout workloads per cent:1
#Over workloads:0
#Number of Cloudlets:0
#Over Cloudlets:0
#Number of transmissions:0
#Over transmissions:0
#======================================
#Total serve time:0.0
#CPU serve time:0.0
#Network serve time:0.0
